City,Country,2008 estimate,"Area
extent
(sq km)","Pop
Growth Rate
(%/yr)","Sources of
Pop. / Area","Estimate
includes /
Notes","City
population","Surface
area
(sq km)","Urban area
population","Surface
area
(sq km)","Data
Source","Date of
Census",UN Notes
TOKYO,Japan,"34,400,000","7,835",0.15,C / B,Yokohama [2],"8,489,653",621,"12,576,601","2,187",CDFC,2005-10-01,"(61),(62),(63),(65)"
JAKARTA,Indonesia,"21,800,000","2,720",2.38,F / B,[3],"8,640,184",740,...,...,ESDF,2003-07-01,
New York (NY),United States,"20,090,000","11,264",0.24,H / H,[4],"8,143,197",783,...,...,ESDJ,2005-07-01,"(16),(17)"
SEOUL,South Korea,"20,010,000","1,943",0.43,C / B,Incheon [5],"10,020,123",605,...,...,ESDF,2006-07-01,
MANILA,Philippines,"19,550,000","1,425",2.31,C / B,[6],"1,581,082",614,...,...,CDJC,2000-10-01,
Mumbai (Bombay),India,"19,530,000",777,2,C / B,[7],"11,914,398",466,"16,368,084","1,041",CDFC,2001-03-01,-53
Sao Paulo,Brazil,"19,140,000","2,590",0.78,C / B,[8],"11,016,703","1,493",...,...,ESDF,2005-07-01,-11
MEXICO CITY,Mexico,"18,430,000","2,137",0.6,C / B,[9],...,...,"18,204,964",...,ESDJ,2006-07-01,"(12),(13)"
Delhi,India,"18,000,000","1,425",2.4,C / B,[10],"9,817,439",431,"12,791,458",624,CDFC,2001-03-01,"(53),(54)"
Osaka,Japan,"17,270,000","2,720",0.04,C / B,,"2,628,811",222,...,...,CDFC,2005-10-01,"(61),(62),(63)"
CAIRO,Egypt,"16,750,000","1,269",1.53,E / B,[12],"6,758,581",...,...,...,CDFC,2006-11-11,
Kolkata (Calcutta),India,"15,010,000",984,1.83,A / B,,"4,580,544",185,"13,216,546",897,CDFC,2001-03-01,"(53),(55)"
Los Angeles (CA),United States,"14,730,000","5,812",0.79,H / H,[13],"3,844,829","1,217",...,...,ESDJ,2005-07-01,"(16),(17)"
Shanghai,China,"14,460,000","2,396",1.54,C / B,,"14,348,535",...,...,...,CDJC,2000-11-01,
MOSCOW,Russia,"13,260,000","4,533",0.2,C / B,[14],"10,433,869",...,...,...,ESDJ,2006-07-01,"(95),(96)"
BEIJING (PEKING),China,"12,770,000","2,616",1.6,C / B,,"11,509,595",...,...,...,CDJC,2000-11-01,
BUENOS AIRES,Argentina,"12,390,000","2,590",0.46,A / B,[15],"2,965,403",...,"11,298,030",...,CDFC,1991-10-15,
Guangzhou,China,"11,810,000","2,590",1.48,E / B,[16],"8,524,826",...,...,...,CDJC,2000-11-01,
Shenzhen,China,"11,710,000","1,295",2.1,F / B,,"7,008,831",...,...,...,CDJC,2000-11-01,
Istanbul,Turkey,"11,220,000","1,256",1.11,E / B,,...,...,"9,555,719",...,ESDF,2003-07-01,-72
Rio de Janeiro,Brazil,"11,160,000","1,580",0.79,C / B,,"6,136,652","1,256",...,...,ESDF,2005-07-01,-11
PARIS,France,"10,430,000","3,043",0.09,E / B,,"2,125,017",105,...,...,CDJC,1999-03-08,"(82),(83)"
Karachi,Pakistan,"9,380,000",881,2.54,G / B,[17],"9,339,023",...,...,...,CDFC,1998-03-02,-66
Nagoya,Japan,"9,250,000","3,302",0.27,C / B,[18],"2,215,062",326,...,...,CDFC,2005-10-01,"(61),(62),(63)"
Chicago (IL),United States,"9,030,000","5,952",0.54,H / H,[19],"2,842,518",588,...,...,ESDJ,2005-07-01,"(16),(17)"
Lagos,Nigeria,"8,860,000",971,2.99,C / B,[20],"5,195,247",...,...,...,CDFC,1991-11-26,
LONDON,United Kingdom,"8,320,000","1,623",0.07,A / A,[21],...,...,"8,278,251",...,ESDF,2001-04-29,"(99),(103)"
BANGKOK,Thailand,"8,290,000","1,502",1.19,C / B,,...,...,"6,858,000","1,569",ESDJ,2006-07-01,
KINSHASA,Dem Rep of Congo,"8,190,000",622,4.38,D / B,[22],,,,,,,
TEHRAN,Iran,"8,000,000",635,1.27,E / B,[23],"7,188,936",...,...,...,ESDJ,2003-07-01,
LIMA,Peru,"7,750,000",648,1.08,C / B,,"5,681,941",...,...,...,CDFC,2005-07-18,-49
Dongguan,China,"7,650,000","1,295",1.79,F / B,[16],"6,445,777",...,...,...,CDJC,2000-11-01,
BOGOTA,Colombia,"7,440,000",414,1.34,E / B,,...,...,"6,945,216","1,605",ESDF,2006-07-01,-47
Chennai (Madras),India,"7,320,000",414,1.88,A / B,,"4,216,268",174,"6,424,624",612,CDFC,2001-03-01,-53
DHAKA,Bangladesh,"7,310,000",311,2.86,C / B,[24],...,...,"5,333,571",154,CDFC,2001-01-22,
Essen,Germany,"7,250,000","2,642",0,C / B,(Ruhr)–Düsseldorf [25],"599,515",210,...,...,ESDJ,1999-07-01,
Tianjin (Tientsin),China,"7,200,000","1,295",1.28,C / B,[26],"7,499,181",...,...,...,CDJC,2000-11-01,
HONG KONG,China - Hong Kong,"6,950,000",220,0.89,E / B,[16],"6,857,100","1,104",...,...,ESDJ,2006-07-01,
Taipei,Taiwan (China ROC),"6,820,000",440,1.2,D / B,[27],"2,640,322",...,...,...,ESDF,1999-07-01,-50
Lahore,Pakistan,"6,810,000",583,2.63,G / B,,"5,143,495",...,...,...,CDFC,1998-03-02,-66
Ho Chi Minh City (Saigon),Viet Nam,"6,710,000",609,2.4,E / B,,"3,015,743",140,...,...,ESDF,1992-07-01,-76
Bangalore,India,"6,660,000",648,2.25,A / B,,"4,292,223",...,"5,686,844",446,CDFC,2001-03-01,-53
Hyderabad,India,"6,610,000",790,2.07,C / B,,"3,449,878",...,"5,533,640",...,CDFC,2001-03-01,-53
Johannesburg,South Africa,"6,470,000","2,396",1.08,C / B,East Rand [28],"752,349",...,...,...,CDFC,1996-10-10,
BAGHDAD,Iraq,"6,000,000",596,1.77,D / B,,"3,841,268",...,...,...,CDFC,1987-10-17,-58
Toronto,Canada,"5,790,000","2,279",1.03,H / H,Hamilton [29],...,...,"5,406,324","5,903",ESDJ,2006-07-01,
SANTIAGO,Chile,"5,630,000",790,0.72,C / B,,"5,890,745",...,...,...,ESDF,2006-06-30,-46
KUALA LUMPUR,Malaysia,"5,470,000","2,137",2.35,E / B,[30],"1,145,342",...,...,...,CDFC,1991-08-14,
San Francisco (CA),United States,"5,450,000","2,497",0.31,H / H,San Jose[31],"739,426",121,...,...,ESDJ,2005-07-01,"(16),(17)"
Philadelphia (PA),United States,"5,270,000","4,661",0.3,A / A,[4],"1,463,281",347,...,...,ESDJ,2005-07-01,"(16),(17)"
Wuhan,China,"5,240,000",712,1.36,E / B,,"8,312,700",...,...,...,CDJC,2000-11-01,
Miami (FL),United States,"5,220,000","2,891",0.76,A / A,[32],"386,417",93,...,...,ESDJ,2005-07-01,"(16),(17)"
Dallas (TX),United States,"5,160,000","3,959",1.89,H / H,[33],"1,213,825",881,...,...,ESDJ,2005-07-01,"(16),(17)"
MADRID,Spain,"5,130,000",945,0.65,C / B,,"3,128,600","6,058",...,...,ESDJ,2006-01-01,-98
Ahmedabad,India,"5,060,000",202,2.26,A / B,,"3,515,361",...,"4,519,278",...,CDFC,2001-03-01,-53
Boston (MA),United States,"4,750,000","5,501",0.23,H / H,[34],"559,034",125,...,...,ESDJ,2005-07-01,"(16),(17)"
Belo Horizonte,Brazil,"4,640,000","1,010",1.21,C / B,,"2,399,920",335,...,...,ESDF,2005-07-01,-11
KHARTOUM,Sudan,"4,600,000",583,2.83,D / B,,"947,483",...,"2,919,773",...,CDFC,1993-04-15,
Saint Petersburg (Leningrad),Russia,"4,570,000","1,191",−0.13,D / B,[35],"4,575,902",...,...,...,ESDJ,2006-07-01,"(95),(96)"
Shenyang,China,"4,560,000",777,1.17,E / B,[36],"5,303,053",...,...,...,CDJC,2000-11-01,
Houston (TX),United States,"4,550,000","3,463",1.9,H / H,[37],"2,016,582","1,524",...,...,ESDJ,2005-07-01,"(16),(17)"
Pune,India,"4,470,000",220,2.51,A / B,,"2,540,069",146,"3,755,525",423,CDFC,2001-03-01,-53
RIYADH,Saudi Arabia,"4,460,000","1,321",2.04,E / B,,"4,087,152",...,...,...,CDFC,2004-09-15,
SINGAPORE,Singapore,"4,320,000",479,0.96,D / B,,"4,483,900",...,...,...,ESDF,2006-07-01,
WASHINGTON (DC),United States,"4,260,000","2,996",1,A / A,[39],"550,521",158,...,...,ESDJ,2005-07-01,"(16),(17)"
Yangon,Myanmar,"4,220,000",350,2.02,D / B,,,,,,,,
Milan (Milano),Italy,"4,190,000","2,370",−0.02,C / B,[40],"1,306,086",182,...,...,ESDJ,2006-07-01,
Atlanta (GA),United States,"4,160,000","5,083",2.19,A / A,[41],"470,688",341,...,...,ESDJ,2005-07-01,"(16),(17)"
Chongqing,China,"4,150,000",570,1.27,E / B,[42],"9,691,901",...,...,...,CDJC,2000-11-01,
Alexandria,Egypt,"4,150,000",293,1.82,E / B,,"3,339,076",...,...,...,CDFC,1996-11-19,
Nanjing (Nanking),China,"4,150,000",686,1.27,E / B,,"3,624,234",...,...,...,CDJC,2000-11-01,
Guadalajara,Mexico,"4,090,000",712,1.19,E / B,,...,...,"3,833,866",...,ESDJ,2006-07-01,"(12),(13)"
Barcelona,Spain,"4,040,000",803,0.51,C / B,,"1,605,602",991,...,...,ESDJ,2006-01-01,-98
Chengdu,China,"3,860,000",570,1.22,E / B,,"4,333,541",...,...,...,CDJC,2000-11-01,
Detroit (MI),United States,"3,860,000","3,267",−0.13,A / A,[43],"886,671",359,...,...,ESDJ,2005-07-01,"(16),(17)"
ANKARA,Turkey,"3,810,000",583,1.48,E / B,,...,...,"3,729,453",...,ESDF,2003-07-01,-68
Abidjan,Côte d'Ivoire,"3,790,000",298,2.79,D / B,,"1,929,079",...,...,...,CDFC,1988-03-01,
ATHENS,Greece,"3,730,000",684,0.18,C / B,,"789,166",39,...,...,CDJC,2001-03-18,-86
BERLIN,Germany,"3,690,000",984,0.06,C / B,,"3,386,667",891,...,...,ESDJ,1999-07-01,
Sydney,Australia,"3,680,000","1,788",0.6,C / B,[44],"4,255,954","12,140",...,...,ESDJ,2005-06-30,-105
Monterrey,Mexico,"3,650,000",712,1.21,C / B,,...,...,"3,473,088",...,ESDJ,2006-07-01,"(12),(13)"
Phoenix (AZ),United States,"3,540,000","2,069",2.51,A / A,Mesa [45],"1,461,575","1,328",...,...,ESDJ,2005-07-01,"(16),(17)"
Busan (Pusan),South Korea,"3,510,000",259,−0.33,E / B,,"3,554,003",765,...,...,ESDF,2006-07-01,
Recife,Brazil,"3,490,000",414,1.2,C / B,,"1,515,052",...,...,...,ESDF,2005-07-01,-11
Bandung,Indonesia,"3,470,000",401,1.84,E / B,,"2,231,139","1,670",...,...,ESDF,2003-07-01,
Porto Alegre,Brazil,"3,440,000",777,1.12,C / B,,"1,440,939",...,...,...,ESDF,2005-07-01,-11
Melbourne,Australia,"3,420,000","2,152",0.7,C / B,[46],"3,635,508","7,690",...,...,ESDJ,2005-06-30,-105
LUANDA,Angola,"3,410,000",363,4.35,D / B,,...,...,"1,822,407",...,ESDF,1993-07-01,
Hangzhou (Hangchow),China,"3,410,000",712,1.61,E / B,,"2,451,319",...,...,...,CDJC,2000-11-01,
ALGIERS,Algeria,"3,390,000",453,1.98,D / B,[47],"1,569,897",...,...,...,CDJC,1998-06-25,
Hà Noi (HANOI),Viet Nam,"3,370,000",194,2.38,E / B,,"1,073,760",46,...,...,ESDF,1992-07-01,
Montréal,Canada,"3,360,000","1,676",0.68,A / A,[48],...,...,"3,666,280","4,047",ESDJ,2006-07-01,
Xi'an (Sian),China,"3,340,000",531,1.37,E / B,,"4,481,508",...,...,...,CDJC,2000-11-01,
PYONGYANG,North Korea,"3,330,000",207,0.61,E / B,,"2,741,260",...,...,...,CDFC,31-12-1993,
Qingdao (Tsingtao),China,"3,330,000",440,1.32,E / B,,"2,720,972",...,...,...,CDJC,2000-11-01,
Surat,India,"3,210,000",109,1.91,A / B,,"2,433,787",...,"2,811,466",...,CDFC,2001-03-01,-53
Fortaleza,Brazil,"3,160,000",725,1.21,C / B,,"2,416,920",336,...,...,ESDF,2005-07-01,-11
Medellín,Colombia,"3,080,000",189,1.4,C / B,,...,...,"2,238,626",387,ESDF,2006-07-01,-47
Durban,South Africa,"3,070,000",829,1.17,C / B,,"669,242",...,...,...,CDFC,1996-10-10,
Kanpur,India,"3,030,000",142,1.7,A / B,,"2,532,138",267,"2,690,486",299,CDFC,2001-03-01,-53
ADDIS ABABA,Ethiopia,"3,020,000",228,3.83,D / B,,"2,646,000",...,...,...,ESDF,2002-07-01,
NAIROBI,Kenya,"3,020,000",479,3.8,E / B,,"2,948,109",696,...,...,ESDF,2006-07-01,
Jeddah (Jiddah),Saudi Arabia,"3,020,000",842,1.93,E / B,,"2,801,481",...,...,...,CDFC,2004-09-15,
Naples (Napoli),Italy,"3,010,000",777,0.04,C / B,,"979,690",117,...,...,ESDJ,2006-07-01,
KABUL,Afghanistan,"3,000,000",259,4.47,E / B,,"1,424,400",...,...,...,ESDF,1988-07-01,
Salvador,Brazil,"2,980,000",389,0.95,C / B,,"2,714,018",313,...,...,ESDF,2005-07-01,-11
Harbin (Haerbin),China,"2,980,000",570,1,E / B,,"3,481,504",...,...,...,CDJC,2000-11-01,
Kano,Nigeria,"2,950,000",199,2.61,C / B,,"2,166,554",...,...,...,CDFC,1991-11-26,
Casablanca (Dar-el-Beida),Morocco,"2,930,000",220,1.16,E / B,[5],"3,389,000",...,...,...,ESDF,2003-07-01,"(4),(5)"
CAPE TOWN,South Africa,"2,900,000",686,1.02,C / B,,"987,007",...,...,...,CDFC,1996-10-10,-9
Curitiba,Brazil,"2,900,000",842,1.74,C / B,,"1,788,559",427,...,...,ESDF,2005-07-01,-11
Surabaya,Indonesia,"2,850,000",376,1.84,D / B,,"2,689,728",351,...,...,ESDF,2003-07-01,
San Diego (CA),United States,"2,790,000","2,026",0.52,A / A,[50],"1,255,540",844,...,...,ESDJ,2005-07-01,"(16),(17)"
Seattle (WA),United States,"2,790,000","2,470",0.35,A / A,[51],"573,911",217,...,...,ESDJ,2005-07-01,"(16),(17)"
ROME,Italy,"2,740,000",855,−0.07,C / B,[52],"2,626,640","1,308",...,...,ESDJ,2006-07-01,
Dar es Salaam,Tanzania,"2,700,000",324,3.84,C / B,,"1,360,850",...,...,...,CDFC,1988-08-28,
Taichung,China,"2,700,000",492,1.93,E / B,,"930,175",...,...,...,ESDF,1999-07-01,
Jaipur,India,"2,690,000",168,2.26,A / B,,"2,324,319",200,...,...,CDFC,2001-03-01,-53
CARACAS,Venezuela,"2,670,000",272,0.94,C / B,,"1,975,294",433,...,...,ESDF,1998-07-01,
DAKAR,Senegal,"2,650,000",181,2.98,E / B,,"879,703",500,"1,976,533",...,ESDF,1999-07-01,
Kaohsiung,China,"2,630,000",363,1.3,E / B,,"1,468,586",...,...,...,ESDF,1999-07-01,-50
Minneapolis (MN),United States,"2,570,000","2,316",0.91,A / A,Saint Paul [53],"372,811",142,...,...,ESDJ,2005-07-01,"(16),(17)"
Lucknow,India,"2,560,000",130,1.73,A / B,,"2,207,340",310,"2,266,933",338,CDFC,2001-03-01,-53
AMMAN,Jordan,"2,530,000",344,1.21,E / B,[55],"1,152,540",...,...,...,ESDF,31-12-2006,
Tel Aviv-Yafo,Israel,"2,530,000",453,1.22,D / B,,"381,650",52,...,...,ESDJ,2006-07-01,
Guayaquil,Ecuador,"2,530,000",220,1.9,D / B,[54],"2,090,039",193,...,...,ESDF,2003-07-01,
KYIV (KIEV),Ukraine,"2,520,000",544,0.18,D / B,,"2,625,094",834,...,...,ESDJ,2005-01-01,
Faisalabad (Lyallpur),Pakistan,"2,510,000",168,2.81,C / B,,"2,008,861",...,...,...,CDFC,1998-03-02,-66
Mashhad,Iran,"2,490,000",207,1.91,E / B,,"2,070,604",...,...,...,ESDJ,2003-07-01,
Izmir,Turkey,"2,480,000",272,1.51,E / B,,...,...,"2,299,584",...,ESDF,2003-07-01,-73
Rawalpindi,Pakistan,"2,450,000",233,2.85,C / B,Islamabad,"1,409,768",...,...,...,CDFC,1998-03-02,-66
TASHKENT,Uzbekistan,"2,450,000",531,1.22,E / B,,"2,137,218",...,...,...,ESDF,2001-07-01,
Katowice,Poland,"2,450,000",725,−0.01,C / B,Gliwice–Tychy,"315,996",165,...,...,ESDF,2006-07-01,-94
Changchun,China,"2,440,000",376,1.87,E / B,,"3,225,557",...,...,...,CDJC,2000-11-01,
Campinas,Brazil,"2,400,000",958,1.39,C / B,,"1,059,420",781,...,...,ESDF,2005-07-01,-11
Daegu (Taegu),South Korea,"2,390,000",181,−0.03,E / B,,"2,484,022",884,...,...,ESDF,2006-07-01,
Changsha,China,"2,390,000",389,2.27,E / B,,"2,122,873",...,...,...,CDJC,2000-11-01,
Nagpur,India,"2,390,000",114,1.7,A / B,,"2,051,320",217,"2,122,965",229,CDFC,2001-03-01,-53
San Juan,Philippines,"2,380,000","2,309",0.91,A / A,,"117,680",6,...,...,CDJC,2000-10-01,
Aleppo,Syria,"2,360,000",210,2.37,D / B,,"3,818,000",...,...,...,ESDF,2000-07-01,
LISBON,Portugal,"2,340,000",881,0.58,C / B,,"514,773",85,...,...,ESDF,2006-07-01,
Frankfurt am Main,Germany,"2,320,000",673,0.39,C / B,,"643,821",248,...,...,ESDJ,1999-07-01,
Nanchang,China,"2,310,000",155,2.49,E / B,,"1,844,253",...,...,...,CDJC,2000-11-01,
Birmingham[],United Kingdom,"2,310,000",600,0.17,A / A,[57],,,,,,,
Tampa (FL),United States,"2,310,000","2,078",1.44,A / A,St. Petersburg [56],"325,989",303,...,...,ESDJ,2005-07-01,"(16),(17)"
Medan,Indonesia,"2,300,000",246,1.79,E / B,,"1,983,659",265,...,...,ESDF,2003-07-01,
Dalian,China,"2,270,000",570,1.57,E / B,,"3,245,191",...,...,...,CDJC,2000-11-01,
TUNIS,Tunisia,"2,270,000",363,1.55,F / B,,"702,330",...,...,...,ESDF,1998-07-01,
Shijiazhuang,China,"2,270,000",363,2.26,E / B,,"1,969,975",...,...,...,CDJC,2000-11-01,
Manchester,United Kingdom,"2,250,000",558,0.04,A / A,[58],...,...,"2,244,931",...,ESDF,2001-04-29,-99
PORT-AU-PRINCE,Haiti,"2,250,000",171,2.86,C / B,,"990,558",21,...,...,ESDJ,1999-07-01,
DAMASCUS,Syria,"2,240,000",207,2.3,D / B,,"1,675,000",...,...,...,ESDF,2000-07-01,
Ji'nan,China,"2,230,000",350,1.35,E / B,,"2,999,934",...,...,...,CDJC,2000-11-01,
Fukuoka,Japan,"2,230,000",583,0.11,C / B,[59],"1,401,279",341,...,...,CDFC,2005-10-01,"(61),(62),(63)"
SANTO DOMINGO,Dominican Republic,"2,220,000",246,1.78,C / B,,"2,677,056",...,...,...,ESDF,2001-07-01,
HAVANA,Cuba,"2,190,000",285,−0.07,D / B,,"2,174,790",727,...,...,ESDF,2006-07-01,
Cali,Colombia,"2,190,000",155,1.44,C / B,,...,...,"2,144,953",552,ESDF,2006-07-01,-47
Denver (CO),United States,"2,180,000","1,292",1.17,A / A,[60],"557,917",397,...,...,ESDJ,2005-07-01,"(16),(17)"
St. Louis (MO),United States,"2,160,000","2,147",0.48,A / A,,"344,362",160,...,...,ESDJ,2005-07-01,"(16),(17)"
Colombo,Brazil,"2,160,000",223,1.13,E / B,,"231,787",...,...,...,ESDF,2005-07-01,-11
Dubai,United Arab Emirates,"2,150,000",829,2.48,E / B,,"1,089,000",...,...,...,ESDF,2002-07-01,
Baltimore (MD),United States,"2,150,000","1,768",0.45,A / A,[39],"635,815",210,...,...,ESDJ,2005-07-01,"(16),(17)"
Sapporo,Japan,"2,130,000",648,0.06,C / B,,"1,880,863","1,121",...,...,CDFC,2005-10-01,"(61),(62),(63)"
Rotterdam,Netherlands,"2,090,000",842,0.26,C / B,The Hague [62],"588,697",206,"991,578",330,ESDJ,2006-01-01,-93
Vancouver,Canada,"2,060,000","1,178",0.89,A / A,[63],...,...,"2,236,068","2,879",ESDJ,2006-07-01,
Preston,United Kingdom,"2,060,000",673,1.58,C / B,[28],...,...,"264,601",...,ESDF,2001-04-29,-99
Patna,India,"2,030,000",83,2.51,A / B,,"1,376,950",107,"1,707,429",129,CDFC,2001-03-01,-53
SANA'A,Yemen,"2,030,000",194,4.55,E / B,,"954,448",...,...,...,CDFC,16-12-1994,
WARSAW,Poland,"2,020,000",544,0.16,D / B,,"1,700,536",517,...,...,ESDF,2006-07-01,-94
Bonn,Germany,"2,010,000",932,0.39,C / B,includes Cologne [25],"301,048",141,...,...,ESDJ,1999-07-01,
ACCRA,Ghana,"2,000,000",453,2.85,C / B,,"1,658,937",...,...,...,CDFC,2000-03-26,
BUCHAREST,Romania,"2,000,000",285,0.03,D / B,,"1,931,236",238,...,...,ESDJ,2006-07-01,
Yokohama,Japan,,,,,also see Tokyo,"3,579,628",437,...,...,CDFC,2005-10-01,"(61),(62),(63)"
Kunming,China,,,,,,"3,035,406",...,...,...,CDJC,2000-11-01,
Guiyang,China,,,,,,"2,985,105",...,...,...,CDJC,2000-11-01,
Zibo,China,,,,,,"2,817,479",...,...,...,CDJC,2000-11-01,
Incheon,South Korea,,,,,also see Seoul,"2,596,317","1,002",...,...,ESDF,2006-07-01,
Zhengzhou,China,,,,,,"2,589,387",...,...,...,CDJC,2000-11-01,
Taiyuan,China,,,,,,"2,558,382",...,...,...,CDJC,2000-11-01,
Chaoyang (Guangdong),China,,,,,,"2,470,812",...,...,...,CDJC,2000-11-01,
BRASILIA,Brazil,,,,,,"2,383,784","5,794",...,...,ESDF,2005-07-01,-11
Zhongshan,China,,,,,,"2,363,322",...,...,...,CDJC,2000-11-01,
West Midlands,United Kingdom,,,,,,...,...,"2,284,093",...,ESDF,2001-04-29,-99
Giza,Egypt,,,,,,"2,221,817",...,...,...,CDFC,1996-11-19,
Quezon City,Philippines,,,,,,"2,173,831",172,...,...,CDJC,2000-10-01,
Nanhai,China,,,,,,"2,133,741",...,...,...,CDJC,2000-11-01,
Fuzhou (Fujian),China,,,,,,"2,124,435",...,...,...,CDJC,2000-11-01,
Lanzhou,China,,,,,,"2,087,759",...,...,...,CDJC,2000-11-01,
Xiamen,China,,,,,,"2,053,070",...,...,...,CDJC,2000-11-01,
Chittagong,Bangladesh,,,,,,...,...,"2,023,489",168,CDFC,2001-01-22,
Zaozhuang,China,,,,,,"1,996,798",...,...,...,CDJC,2000-11-01,
Jilin,China,,,,,,"1,953,134",...,...,...,CDJC,2000-11-01,
Linyi,China,,,,,,"1,938,510",...,...,...,CDJC,2000-11-01,
Wenzhou,China,,,,,,"1,915,548",...,...,...,CDJC,2000-11-01,
STOCKHOLM,Sweden,,,,,,"776,962",187,"1,904,025",...,ESDJ,2006-07-01,
Puebla de Zaragoza,Mexico,,,,,,...,...,"1,887,827",...,ESDJ,2006-07-01,"(12),(13)"
Puning,China,,,,,,"1,856,402",...,...,...,CDJC,2000-11-01,
BAKU,Azerbaijan,,,,,,"1,847,500","2,130",...,...,ESDF,2004-07-01,
Ibadan,Nigeria,,,,,,"1,835,300",...,...,...,CDFC,1991-11-26,
Brisbane,Australia,,,,,,"1,790,921","5,900",...,...,ESDJ,2005-06-30,-105
MINSK,Belarus,,,,,,"1,789,098",306,...,...,ESDF,2006-07-01,
Sikasso,Mali,,,,,,"1,782,157",...,...,...,CDJC,1998-04-01,
Nanchong,China,,,,,,"1,771,920",...,...,...,CDJC,2000-11-01,
Nanning,China,,,,,,"1,766,701",...,...,...,CDJC,2000-11-01,
Urumqi,China,,,,,,"1,753,298",...,...,...,CDJC,2000-11-01,
Yantai,China,,,,,,"1,724,404",...,...,...,CDJC,2000-11-01,
Fuyang (Zhejiang),China,,,,,,"1,719,057",...,...,...,CDJC,2000-11-01,
Tangshan,China,,,,,,"1,711,311",...,...,...,CDJC,2000-11-01,
Maracaibo,Venezuela,,,,,,"1,706,547",604,...,...,ESDF,1998-07-01,
Hamburg,Germany,,,,,,"1,704,735",755,...,...,ESDJ,1999-07-01,
BUDAPEST,Hungary,,,,,,"1,697,117",525,...,...,ESDF,2006-07-01,
Shunde,China,,,,,,"1,694,152",...,...,...,CDJC,2000-11-01,
Manaus,Brazil,,,,,,"1,688,524","11,349",...,...,ESDF,2005-07-01,-11
Xuzhou,China,,,,,,"1,679,626",...,...,...,CDJC,2000-11-01,
Ségou,Mali,,,,,,"1,675,357",...,...,...,CDJC,1998-04-01,
Baotou,China,,,,,,"1,671,181",...,...,...,CDJC,2000-11-01,
Hefei,China,,,,,,"1,659,075",...,...,...,CDJC,2000-11-01,
VIENNA,Austria,,,,,,"1,651,437",415,...,...,ESDJ,2006-01-01,"(78),(79)"
Indore,India,,,,,,"1,597,441",...,"1,639,044",165,CDFC,2001-03-01,-53
ASUNCION,Paraguay,,,,,,"513,399",117,"1,620,483",...,CDFC,2002-08-28,-48
Tianmen,China,,,,,,"1,613,739",...,...,...,CDJC,2000-11-01,
BELGRADE,Serbia,,,,,,"1,306,168",389,"1,602,861","3,215",ESDJ,2006-06-30,-97
Suzhou (Anhui),China,,,,,,"1,601,181",...,...,...,CDJC,2000-11-01,
Suizhou,China,,,,,,"1,598,752",...,...,...,CDJC,2000-11-01,
Nanyang,China,,,,,,"1,584,715",...,...,...,CDJC,2000-11-01,
Nakuru,Kenya,,,,,,"1,571,162",290,...,...,ESDF,2006-07-01,
Koulikoro,Mali,,,,,,"1,570,507",...,...,...,CDJC,1998-04-01,
Ningbo,China,,,,,,"1,567,499",...,...,...,CDJC,2000-11-01,
Liuan,China,,,,,,"1,559,037",...,...,...,CDJC,2000-11-01,
Anshan,China,,,,,,"1,556,285",...,...,...,CDJC,2000-11-01,
Tengzhou,China,,,,,,"1,548,817",...,...,...,CDJC,2000-11-01,
Qiqihaer,China,,,,,,"1,540,089",...,...,...,CDJC,2000-11-01,
Pizhou,China,,,,,,"1,539,922",...,...,...,CDJC,2000-11-01,
Taian,China,,,,,,"1,538,211",...,...,...,CDJC,2000-11-01,
Datong,China,,,,,,"1,526,744",...,...,...,CDJC,2000-11-01,
Kobe,Japan,,,,,,"1,525,393",552,...,...,CDFC,2005-10-01,"(61),(62),(63)"
Hama,Syria,,,,,,"1,525,000",...,...,...,ESDF,2000-07-01,
Esfahan,Iran,,,,,,"1,523,006",...,...,...,ESDJ,2003-07-01,
TRIPOLI,Libya,,,,,,"1,500,000",...,...,...,ESDJ,1990-07-01,-2
West Yorkshire,United Kingdom,,,,,,...,...,"1,499,465",...,ESDF,2001-04-29,-99
Vadodara,India,,,,,,"1,306,035",...,"1,492,398",...,CDFC,2001-03-01,-53
Taizhou (Zhejiang),China,,,,,,"1,491,963",...,...,...,CDJC,2000-11-01,
Luoyang,China,,,,,,"1,491,680",...,...,...,CDJC,2000-11-01,
QUITO,Ecuador,,,,,,"1,482,447",170,...,...,ESDF,2003-07-01,
Jinjiang,China,,,,,,"1,479,259",...,...,...,CDJC,2000-11-01,
Mopti,Mali,,,,,,"1,478,505",...,...,...,CDJC,1998-04-01,
Perth,Australia,,,,,,"1,478,039","5,390",...,...,ESDJ,2005-06-30,-105
Daejeon (Taejon),South Korea,,,,,,"1,476,736",540,...,...,ESDF,2006-07-01,
Kyoto,Japan,,,,,,"1,474,811",828,...,...,CDFC,2005-10-01,"(61),(62),(63)"
Xiantao,China,,,,,,"1,474,078",...,...,...,CDJC,2000-11-01,
Tangerang,Indonesia,,,,,,"1,471,396",187,...,...,ESDF,2003-07-01,
Bhopal,India,,,,,,"1,433,875",285,"1,454,830",...,CDFC,2001-03-01,-53
Coimbatore,India,,,,,,"923,085",106,"1,446,034",317,CDFC,2001-03-01,-53
Kharkiv,Ukraine,,,,,,"1,445,173",239,...,...,ESDJ,2005-01-01,
Gwangju (Kwangchu),South Korea,,,,,,"1,443,226",501,...,...,ESDF,2006-07-01,
Xinghua,China,,,,,,"1,441,659",...,...,...,CDJC,2000-11-01,
HARARE,Zimbabwe,,,,,,"1,435,784",872,...,...,CDFC,2002-08-17,
Fushun,China,,,,,,"1,434,447",...,...,...,CDJC,2000-11-01,
Shangqiu,China,,,,,,"1,428,983",...,...,...,CDJC,2000-11-01,
Belém,Brazil,,,,,,"1,428,368",736,...,...,ESDF,2005-07-01,-11
Wuxi,China,,,,,,"1,425,766",...,...,...,CDJC,2000-11-01,
Hechuan,China,,,,,,"1,420,520",...,...,...,CDJC,2000-11-01,
Wujin,China,,,,,,"1,420,204",...,...,...,CDJC,2000-11-01,
Guigang,China,,,,,,"1,413,128",...,...,...,CDJC,2000-11-01,
Jianyang (Sichuan),China,,,,,,"1,412,523",...,...,...,CDJC,2000-11-01,
Huhehaote,China,,,,,,"1,406,955",...,...,...,CDJC,2000-11-01,
Santa Cruz,Bolivia,,,,,,"1,397,692",...,...,...,ESDF,2006-07-01,
Semarang,Indonesia,,,,,,"1,396,059",374,...,...,ESDF,2003-07-01,
Ludhiana,India,,,,,,"1,395,053",135,...,...,CDFC,2001-03-01,-53
Novosibirsk,Russia,,,,,,"1,394,469",...,...,...,ESDJ,2006-07-01,"(95),(96)"
Neijiang,China,,,,,,"1,391,931",...,...,...,CDJC,2000-11-01,
MAPUTO,Mozambique,,,,,,"966,837",...,"1,391,499",...,CDFC,1997-08-01,
Nan'an,China,,,,,,"1,385,276",...,...,...,CDJC,2000-11-01,
Douala,Cameroon,,,,,,"1,382,900",...,...,...,ESDF,1998-07-01,
Weifang,China,,,,,,"1,380,300",...,...,...,CDJC,2000-11-01,
Daqing,China,,,,,,"1,380,051",...,...,...,CDJC,2000-11-01,
Kayes,Mali,,,,,,"1,374,316",...,...,...,CDJC,1998-04-01,
Tongzhou,China,,,,,,"1,371,498",...,...,...,CDJC,2000-11-01,
Tabriz,Iran,,,,,,"1,365,476",...,...,...,ESDJ,2003-07-01,
Homs,Syria,,,,,,"1,365,000",...,...,...,ESDF,2000-07-01,
Rugao,China,,,,,,"1,362,533",...,...,...,CDJC,2000-11-01,
Guiping,China,,,,,,"1,359,035",...,...,...,CDJC,2000-11-01,
Huainan,China,,,,,,"1,357,228",...,...,...,CDJC,2000-11-01,
Kochi,India,,,,,,"596,473",109,"1,355,406",373,CDFC,2001-03-01,-53
Suining,China,,,,,,"1,355,388",...,...,...,CDJC,2000-11-01,
Bozhou,China,,,,,,"1,351,939",...,...,...,CDJC,2000-11-01,
Zhanjiang,China,,,,,,"1,350,665",...,...,...,CDJC,2000-11-01,
Changde,China,,,,,,"1,346,739",...,...,...,CDJC,2000-11-01,
MONTEVIDEO,Uruguay,,,,,,"1,345,010",530,...,...,ESDF,2006-06-30,
Suzhou (Jiangsu),China,,,,,,"1,344,709",...,...,...,CDJC,2000-11-01,
Xintai,China,,,,,,"1,344,395",...,...,...,CDJC,2000-11-01,
Ekaterinoburg,Russia,,,,,,"1,311,764",...,"1,342,977",...,ESDJ,2006-07-01,"(95),(96)"
Juárez,Mexico,,,,,,...,...,"1,333,234",...,ESDJ,2006-07-01,"(12),(13)"
Handan,China,,,,,,"1,329,734",...,...,...,CDJC,2000-11-01,
Visakhapatnam,India,,,,,,"969,608",78,"1,329,472",318,CDFC,2001-03-01,-53
Kawasaki,Japan,,,,,,"1,327,011",143,...,...,CDFC,2005-10-01,"(61),(62),(63)"
Jiangjin,China,,,,,,"1,322,890",...,...,...,CDJC,2000-11-01,
Pingdu,China,,,,,,"1,321,975",...,...,...,CDJC,2000-11-01,
Agra,India,,,,,,"1,259,979",121,"1,321,410",141,CDFC,2001-03-01,-53
Jiangyin,China,,,,,,"1,315,472",...,...,...,CDJC,2000-11-01,
Tijuana,Mexico,,,,,,...,...,"1,311,774",...,ESDJ,2006-07-01,"(12),(13)"
Liuyang,China,,,,,,"1,307,572",...,...,...,CDJC,2000-11-01,
Bursa,Turkey,,,,,,...,...,"1,305,059",...,ESDF,2003-07-01,-69
Al-Hasakeh,Syria,,,,,,"1,295,000",...,...,...,ESDF,2000-07-01,
Makkah,Saudi Arabia,,,,,,"1,294,168",...,...,...,CDFC,2004-09-15,
YAOUNDE,Cameroon,,,,,,"1,293,000",...,...,...,ESDF,1998-07-01,
Xuanwei,China,,,,,,"1,292,825",...,...,...,CDJC,2000-11-01,
Dengzhou,China,,,,,,"1,290,656",...,...,...,CDJC,2000-11-01,
Palembang,Indonesia,,,,,,"1,290,599",369,...,...,ESDF,2003-07-01,
Nizhny Novgorod,Russia,,,,,,"1,280,949",...,"1,289,112",...,ESDJ,2006-07-01,"(95),(96)"
León (de los Aldama),Mexico,,,,,,...,...,"1,284,692",...,ESDJ,2006-07-01,"(12),(13)"
Guarulhos,Brazil,,,,,,"1,283,253",...,...,...,ESDF,2005-07-01,-11
Heze,China,,,,,,"1,280,031",...,...,...,CDJC,2000-11-01,
Auckland,New Zealand,,,,,,"428,300",664,"1,272,800","1,084",ESDJ,2006-07-01,"(107),(108),(109)"
Omdurman,Sudan,,,,,,"1,271,403",...,...,...,CDFC,1993-04-15,
Shantou,China,,,,,,"1,270,112",...,...,...,CDJC,2000-11-01,
Leizhou,China,,,,,,"1,268,298",...,...,...,CDJC,2000-11-01,
Yongcheng,China,,,,,,"1,264,607",...,...,...,CDJC,2000-11-01,
Valencia,Venezuela,,,,,,"1,263,888","1,212",...,...,ESDF,1998-07-01,
Thane,India,,,,,,"1,261,517",144,...,...,CDFC,2001-03-01,-53
San Antonio (TX),United States,,,,,,"1,256,509","1,088",...,...,ESDJ,2005-07-01,"(16),(17)"
Xinyang,China,,,,,,"1,255,750",...,...,...,CDJC,2000-11-01,
Luzhou,China,,,,,,"1,252,884",...,...,...,CDJC,2000-11-01,
Almaty,Kazakhstan,,,,,,"1,247,896",...,...,...,ESDF,2006-01-01,
Changshu,China,,,,,,"1,239,637",...,...,...,CDJC,2000-11-01,
Taixing,China,,,,,,"1,235,454",...,...,...,CDJC,2000-11-01,
PHNOM PENH,Cambodia,,,,,,"703,963",21,"1,234,444",...,ESDF,,
Laiwu,China,,,,,,"1,233,525",...,...,...,CDJC,2000-11-01,
Xiaoshan,China,,,,,,"1,233,348",...,...,...,CDJC,2000-11-01,
Yiyang,China,,,,,,"1,228,881",...,...,...,CDJC,2000-11-01,
Goiânia,Brazil,,,,,,"1,220,412",788,...,...,ESDF,2005-07-01,-11
Liuzhou,China,,,,,,"1,220,392",...,...,...,CDJC,2000-11-01,
Gaozhou,China,,,,,,"1,219,132",...,...,...,CDJC,2000-11-01,
Fengcheng (Jiangxi),China,,,,,,"1,216,412",...,...,...,CDJC,2000-11-01,
Cixi,China,,,,,,"1,214,537",...,...,...,CDJC,2000-11-01,
Karaj,Iran,,,,,,"1,212,220",...,...,...,ESDJ,2003-07-01,
MOGADISHU,Somalia,,,,,,"1,212,000",...,...,...,ESDF,2001-07-01,
Varanasi,India,,,,,,"1,100,748",83,"1,211,749",105,CDFC,2001-03-01,-53
Córdoba,Argentina,,,,,,"1,157,507",...,"1,208,554",...,CDFC,1991-10-15,
KAMPALA,Uganda,,,,,,"1,208,544",...,...,...,CDFC,2002-09-12,
Ruian,China,,,,,,"1,207,788",...,...,...,CDJC,2000-11-01,
Lianjiang,China,,,,,,"1,205,764",...,...,...,CDJC,2000-11-01,
Huaian,China,,,,,,"1,200,679",...,...,...,CDJC,2000-11-01,
Shiraz,Iran,,,,,,"1,197,847",...,...,...,ESDJ,2003-07-01,
Multan,Pakistan,,,,,,"1,197,384",...,...,...,CDFC,1998-03-02,-66
Madurai,India,,,,,,"922,913",47,"1,194,665",115,CDFC,2001-03-01,-53
München,Germany,,,,,,"1,194,560",311,...,...,ESDJ,1999-07-01,
Kalyan,India,,,,,,"1,193,266",225,...,...,CDFC,2001-03-01,-53
Quanzhou,China,,,,,,"1,192,286",...,...,...,CDJC,2000-11-01,
Adana,Turkey,,,,,,...,...,"1,187,098",...,ESDF,2003-07-01,-67
Bazhong,China,,,,,,"1,185,862",...,...,...,CDJC,2000-11-01,
Fès,Morocco,,,,,,"1,185,000",...,...,...,ESDF,2003-07-01,-4
OUAGADOUGOU,Burkina Faso,,,,,,"1,181,702",...,...,...,CDJC,2006-12-09,
Haicheng,China,,,,,,"1,181,130",...,...,...,CDJC,2000-11-01,
Xishan,China,,,,,,"1,181,073",...,...,...,CDJC,2000-11-01,
Leiyang,China,,,,,,"1,180,235",...,...,...,CDJC,2000-11-01,
Caloocan,Philippines,,,,,,"1,177,604",56,...,...,CDJC,2000-10-01,
Kalookan (Caloocan),Philippines,,,,,,"1,177,604",56,...,...,CDJC,2000-10-01,
Jingzhou,China,,,,,,"1,177,150",...,...,...,CDJC,2000-11-01,
Saitama,Japan,,,,,,"1,176,314",217,...,...,CDFC,2005-10-01,"(61),(62),(63)"
PRAGUE,Czech Republic,,,,,,"1,176,116",496,...,...,ESDJ,2005-07-01,
Fuqing,China,,,,,,"1,174,540",...,...,...,CDJC,2000-11-01,
Kumasi,Ghana,,,,,,"1,170,270",...,...,...,CDFC,2000-03-26,
Meerut,India,,,,,,"1,074,229",142,"1,167,399",178,CDFC,2001-03-01,-53
Hyderabad,Pakistan,,,,,,"1,166,894",...,...,...,CDFC,1998-03-02,-66
Lufeng,China,,,,,,"1,164,767",...,...,...,CDJC,2000-11-01,
Dongtai,China,,,,,,"1,164,653",...,...,...,CDJC,2000-11-01,
Yixing,China,,,,,,"1,164,275",...,...,...,CDJC,2000-11-01,
Mianyang,China,,,,,,"1,162,962",...,...,...,CDJC,2000-11-01,
Wenling,China,,,,,,"1,162,783",...,...,...,CDJC,2000-11-01,
Leqing,China,,,,,,"1,162,765",...,...,...,CDJC,2000-11-01,
OTTAWA,Canada,,,,,,...,...,"1,158,314","5,318",ESDJ,2006-07-01,
Yushu,China,,,,,,"1,155,670",...,...,...,CDJC,2000-11-01,
Barranquilla,Colombia,,,,,,...,...,"1,154,642",166,ESDF,2006-07-01,-47
Hiroshima,Japan,,,,,,"1,154,391",905,...,...,CDFC,2005-10-01,"(61),(62),(63)"
Chifeng,China,,,,,,"1,153,723",...,...,...,CDJC,2000-11-01,
Nashik,India,,,,,,"1,076,967",259,"1,152,048",322,CDFC,2001-03-01,-53
Makasar (Ujung Pandang),Indonesia,,,,,,"1,151,245",199,...,...,ESDF,2003-07-01,
SOFIA,Bulgaria,,,,,,"1,151,220",...,...,...,ESDF,2006-07-01,"(47),(81)"
Rizhao,China,,,,,,"1,148,190",...,...,...,CDJC,2000-11-01,
Davao,Philippines,,,,,,"1,147,116","1,211",...,...,CDJC,2000-10-01,
Tianshui,China,,,,,,"1,146,986",...,...,...,CDJC,2000-11-01,
Huzhou,China,,,,,,"1,145,414",...,...,...,CDJC,2000-11-01,
Samara (Samarskaya oblast),Russia,,,,,,"1,141,173",...,"1,141,234",...,ESDJ,2006-07-01,"(95),(96)"
Omsk,Russia,,,,,,"1,136,799",...,...,...,ESDJ,2006-07-01,"(95),(96)"
Gujranwala,Pakistan,,,,,,"1,132,509",...,...,...,CDFC,1998-03-02,-66
Adelaide,Australia,,,,,,"1,129,145","1,830",...,...,ESDJ,2005-06-30,-105
Macheng,China,,,,,,"1,129,047",...,...,...,CDJC,2000-11-01,
Wuxian,China,,,,,,"1,128,429",...,...,...,CDJC,2000-11-01,
Bijie,China,,,,,,"1,128,230",...,...,...,CDJC,2000-11-01,
Yuzhou,China,,,,,,"1,122,669",...,...,...,CDJC,2000-11-01,
Leshan,China,,,,,,"1,120,158",...,...,...,CDJC,2000-11-01,
La Matanza,Argentina,,,,,,"1,120,088",...,...,...,CDFC,1991-10-15,
Rosario,Argentina,,,,,,"907,718",...,"1,118,905",...,CDFC,1991-10-15,
Jabalpur,India,,,,,,"951,469",154,"1,117,200",224,CDFC,2001-03-01,-53
Kazan,Russia,,,,,,"1,114,325",...,...,...,ESDJ,2006-07-01,"(95),(96)"
Jimo,China,,,,,,"1,111,202",...,...,...,CDJC,2000-11-01,
Dingzhou,China,,,,,,"1,107,903",...,...,...,CDJC,2000-11-01,
Calgary,Canada,,,,,,...,...,"1,107,242","5,083",ESDJ,2006-07-01,
YEREVAN,Armenia,,,,,,"1,104,398",227,...,...,ESDJ,2006-07-01,
El-Jadida,Morocco,,,,,,"1,102,000",...,...,...,ESDF,2003-07-01,-4
Jamshedpur,India,,,,,,"570,349",60,"1,101,804",160,CDFC,2001-03-01,-53
Zürich,Switzerland,,,,,,"347,517",88,"1,101,710",937,ESDJ,2006-07-01,
Zoucheng,China,,,,,,"1,101,003",...,...,...,CDJC,2000-11-01,
Pikine-Guediawaye,Senegal,,,,,,"1,096,830",...,...,...,ESDF,1999-07-01,-8
Anqiu,China,,,,,,"1,096,782",...,...,...,CDJC,2000-11-01,
Guang'an,China,,,,,,"1,093,103",...,...,...,CDJC,2000-11-01,
Chelyabinsk,Russia,,,,,,"1,092,231",...,...,...,ESDJ,2006-07-01,"(95),(96)"
CONAKRY,Guinea,,,,,,"1,091,500",...,...,...,CDFC,1996-01-12,
Asansol,India,,,,,,"486,304",25,"1,090,171",223,CDFC,2001-03-01,-53
Shouguang,China,,,,,,"1,081,991",...,...,...,CDJC,2000-11-01,
Changzhou,China,,,,,,"1,081,845",...,...,...,CDJC,2000-11-01,
Ulsan,South Korea,,,,,,"1,074,516","1,057",...,...,ESDF,2006-07-01,
Zhuji,China,,,,,,"1,070,675",...,...,...,CDJC,2000-11-01,
Toluca (de Lerdo),Mexico,,,,,,...,...,"1,069,710",...,ESDJ,2006-07-01,"(12),(13)"
Marrakech,Morocco,,,,,,"1,068,000",...,...,...,ESDF,2003-07-01,"(4),(5)"
Dhanbad,India,,,,,,"198,963",23,"1,064,357",201,CDFC,2001-03-01,-53
TBILISI,Georgia,,,,,,"1,059,600",...,...,...,ESDF,2003-07-01,
Hanchuan,China,,,,,,"1,057,396",...,...,...,CDJC,2000-11-01,
LUSAKA,Zambia,,,,,,"1,057,212",360,...,...,ESDF,2000-07-01,
Qidong,China,,,,,,"1,057,073",...,...,...,CDJC,2000-11-01,
Faridabad,India,,,,,,"1,054,981",178,...,...,CDFC,2001-03-01,-53
Zaoyang,China,,,,,,"1,054,374",...,...,...,CDJC,2000-11-01,
Zhucheng,China,,,,,,"1,053,695",...,...,...,CDJC,2000-11-01,
Rostov-na-Donu,Russia,,,,,,"1,053,254",...,...,...,ESDJ,2006-07-01,"(95),(96)"
Jiangdu,China,,,,,,"1,053,023",...,...,...,CDJC,2000-11-01,
Xiangcheng,China,,,,,,"1,052,468",...,...,...,CDJC,2000-11-01,
Zigong,China,,,,,,"1,051,384",...,...,...,CDJC,2000-11-01,
Jining (Shandong),China,,,,,,"1,050,522",...,...,...,CDJC,2000-11-01,
Edmonton,Canada,,,,,,...,...,"1,050,046","9,419",ESDJ,2006-07-01,
Allahabad,India,,,,,,"990,298",...,"1,049,579",...,CDFC,2001-03-01,-53
Beiliu,China,,,,,,"1,049,035",...,...,...,CDJC,2000-11-01,
Dnipropetrovsk,Ukraine,,,,,,"1,044,094",250,"1,046,365",405,ESDJ,2005-01-01,
Gongzhuling,China,,,,,,"1,041,735",...,...,...,CDJC,2000-11-01,
Qinzhou,China,,,,,,"1,035,504",...,...,...,CDJC,2000-11-01,
Ufa,Russia,,,,,,"1,026,097",...,"1,033,276",...,ESDJ,2006-07-01,"(95),(96)"
Sendai,Japan,,,,,,"1,025,098",784,...,...,CDFC,2005-10-01,"(61),(62),(63)"
Volgograd,Russia,,,,,,"988,997",...,"1,023,299",...,ESDJ,2006-07-01,"(95),(96)"
Ezhou,China,,,,,,"1,023,285",...,...,...,CDJC,2000-11-01,
GUATEMALA CITY,Guatemala,,,,,,"1,022,001",228,...,...,ESDF,2001-07-01,
Zhongxiang,China,,,,,,"1,021,998",...,...,...,CDJC,2000-11-01,
AMSTERDAM,Netherlands,,,,,,"743,079",165,"1,021,254",366,ESDJ,2006-01-01,-93
BRUSSELS,Belgium,,,,,,"144,784","4,440","1,018,804","6,312",ESDJ,2006-01-01,-80
BAMAKO,Mali,,,,,,"1,016,296",252,...,...,CDJC,1998-04-01,
Ziyang,China,,,,,,"1,016,034",...,...,...,CDJC,2000-11-01,
ANTANANARIVO,Madagascar,,,,,,"1,015,140",...,...,...,ESDF,2005-07-01,-3
Mudanjiang,China,,,,,,"1,014,206",...,...,...,CDJC,2000-11-01,
Amritsar,India,,,,,,"975,695",...,"1,011,327",...,CDFC,2001-03-01,-53
Vijayawada,India,,,,,,"825,436",...,"1,011,152",105,CDFC,2001-03-01,-53
Haora (Howrah),India,,,,,,"1,008,704",52,...,...,CDFC,2001-03-01,-53
Donetsk (Donestskaya oblast),Ukraine,,,,,,"991,310",305,"1,008,002",557,ESDJ,2005-01-01,
Huazhou,China,,,,,,"1,007,796",...,...,...,CDJC,2000-11-01,
Fuzhou (Jiangxi),China,,,,,,"1,007,391",...,...,...,CDJC,2000-11-01,
Pimpri Chinchwad,India,,,,,,"1,006,417",...,...,...,CDFC,2001-03-01,-53
DUBLIN,Ireland,,,,,,"495,781",118,"1,004,614",...,CDFC,2002-04-28,
Rajkot,India,,,,,,"966,642",...,"1,002,160",...,CDFC,2001-03-01,-53
Sao Luís,Brazil,,,,,,"998,385",822,...,...,ESDF,2005-07-01,-11
Béni-Mellal,Morocco,,,,,,"998,000",...,...,...,ESDF,2003-07-01,-4
Lianyuan,China,,,,,,"996,893",...,...,...,CDJC,2000-11-01,
Liupanshui,China,,,,,,"995,055",...,...,...,CDJC,2000-11-01,
Kaduna,Nigeria,,,,,,"993,642",...,...,...,CDFC,1991-11-26,
Kitakyushu,Japan,,,,,,"993,525",488,...,...,CDFC,2005-10-01,"(61),(62),(63),(64)"
Qianjiang,China,,,,,,"992,438",...,...,...,CDJC,2000-11-01,
Perm,Russia,,,,,,"991,741",...,"991,748",...,ESDJ,2006-07-01,"(95),(96)"
Odessa,Ukraine,,,,,,"989,468",130,...,...,ESDJ,2005-01-01,
Qom,Iran,,,,,,"986,922",...,...,...,ESDJ,2003-07-01,
Yongchuan,China,,,,,,"984,730",...,...,...,CDJC,2000-11-01,
Peshawar,Pakistan,,,,,,"982,816",...,...,...,CDFC,1998-03-02,-66
Linzhou,China,,,,,,"982,254",...,...,...,CDJC,2000-11-01,
Benxi,China,,,,,,"980,069",...,...,...,CDJC,2000-11-01,
ULAANBAATAR,Mongolia,,,,,,"979,780",212,...,...,ESDF,2006-07-01,
Zhangqiu,China,,,,,,"977,324",...,...,...,CDJC,2000-11-01,
Yongzhou,China,,,,,,"976,539",...,...,...,CDJC,2000-11-01,
Sao Gonçalo,Brazil,,,,,,"973,372",...,...,...,ESDF,2005-07-01,-11
Srinagar,India,,,,,,"894,940",...,"971,357",...,CDFC,2001-03-01,-53
Ghaziabad,India,,,,,,"968,521",64,...,...,CDFC,2001-03-01,-53
Xinyi (Jiangsu),China,,,,,,"962,656",...,...,...,CDJC,2000-11-01,
Köln,Germany,,,,,,"962,507",405,...,...,ESDJ,1999-07-01,
Zhangjiagang,China,,,,,,"957,223",...,...,...,CDJC,2000-11-01,
Wafangdian,China,,,,,,"956,063",...,...,...,CDJC,2000-11-01,
Xianyang,China,,,,,,"953,860",...,...,...,CDJC,2000-11-01,
Liaocheng,China,,,,,,"950,319",...,...,...,CDJC,2000-11-01,
Ahwaz,Iran,,,,,,"949,054",...,...,...,ESDJ,2003-07-01,
Taishan,China,,,,,,"948,716",...,...,...,CDJC,2000-11-01,
Linhai,China,,,,,,"948,618",...,...,...,CDJC,2000-11-01,
Feicheng,China,,,,,,"948,602",...,...,...,CDJC,2000-11-01,
Suwon (Puwan),South Korea,,,,,,"946,704",121,...,...,CDFC,2000-11-01,
Wuwei,China,,,,,,"946,506",...,...,...,CDJC,2000-11-01,
Haimen,China,,,,,,"942,952",...,...,...,CDJC,2000-11-01,
San Luis Potosí,Mexico,,,,,,...,...,"934,645",...,ESDJ,2006-07-01,"(12),(13)"
Liling,China,,,,,,"934,396",...,...,...,CDJC,2000-11-01,
Xinhui,China,,,,,,"932,425",...,...,...,CDJC,2000-11-01,
Gaziantep,Turkey,,,,,,...,...,"926,458",...,ESDF,2003-07-01,-71
Krasnoyarsk,Russia,,,,,,"924,046",...,"924,768",...,ESDJ,2006-07-01,"(95),(96)"
Chiba,Japan,,,,,,"924,319",272,...,...,CDFC,2005-10-01,"(61),(62),(63)"
Voronezh,Russia,,,,,,"843,531",...,"923,678",...,ESDJ,2006-07-01,"(95),(96)"
Durg-Bhilai Nagar,India,,,,,,...,...,"923,559",183,CDFC,2001-03-01,-53
Ruzhou,China,,,,,,"923,245",...,...,...,CDJC,2000-11-01,
Maceió,Brazil,,,,,,"922,458",517,...,...,ESDF,2005-07-01,-11
Yichun (Jiangxi),China,,,,,,"920,357",...,...,...,CDJC,2000-11-01,
Al-Madinah,Saudi Arabia,,,,,,"918,889",...,...,...,CDFC,2004-09-15,
Yulin (Guangxi),China,,,,,,"918,229",...,...,...,CDJC,2000-11-01,
Seongnam,South Korea,,,,,,"914,590",141,...,...,CDFC,2000-11-01,
Yueyang,China,,,,,,"912,993",...,...,...,CDJC,2000-11-01,
Yiwu,China,,,,,,"912,670",...,...,...,CDJC,2000-11-01,
San Jose (CA),United States,,,,,,"912,332",456,...,...,ESDJ,2005-07-01,"(16),(17)"
Jixi,China,,,,,,"910,782",...,...,...,CDJC,2000-11-01,
MANAGUA,Nicaragua,,,,,,...,...,"908,892",...,CDJC,2005-06-03,
Xinyi (Guangdong),China,,,,,,"907,978",...,...,...,CDJC,2000-11-01,
Safi,Morocco,,,,,,"906,000",...,...,...,ESDF,2003-07-01,-4
Guangyuan,China,,,,,,"905,057",...,...,...,CDJC,2000-11-01,
Soweto,South Africa,,,,,,"904,165",...,...,...,CDFC,1996-10-10,
Zhangjiakou,China,,,,,,"903,348",...,...,...,CDJC,2000-11-01,
Baoding,China,,,,,,"902,496",...,...,...,CDJC,2000-11-01,
Cartagena,Colombia,,,,,,...,...,"902,311",570,ESDF,2006-07-01,-47
Huludao,China,,,,,,"900,936",...,...,...,CDJC,2000-11-01,
Pingdingshan,China,,,,,,"900,903",...,...,...,CDJC,2000-11-01,
Torino,Italy,,,,,,"900,588",130,...,...,ESDJ,2006-07-01,
Zengcheng,China,,,,,,"899,644",...,...,...,CDJC,2000-11-01,
Laiyang,China,,,,,,"897,681",...,...,...,CDJC,2000-11-01,
Qingzhou,China,,,,,,"894,468",...,...,...,CDJC,2000-11-01,
Aurangabad,India,,,,,,"872,667",139,"891,841",148,CDFC,2001-03-01,-53
Lattakia,Syria,,,,,,"890,000",...,...,...,ESDF,2000-07-01,
Mérida,Mexico,,,,,,...,...,"889,435",...,ESDJ,2006-07-01,"(12),(13)"
Laizhou,China,,,,,,"889,361",...,...,...,CDJC,2000-11-01,
Thiruvananthapuram,India,,,,,,"744,739",142,"889,191",178,CDFC,2001-03-01,-53
Weinan,China,,,,,,"888,866",...,...,...,CDJC,2000-11-01,
Wuchang,China,,,,,,"888,782",...,...,...,CDJC,2000-11-01,
Guangshui,China,,,,,,"885,936",...,...,...,CDJC,2000-11-01,
Gaizhou,China,,,,,,"883,811",...,...,...,CDJC,2000-11-01,
Göteborg,Sweden,,,,,,"487,350",449,"883,764",...,ESDJ,2006-07-01,
Xiaogan,China,,,,,,"883,123",...,...,...,CDJC,2000-11-01,
Torreón,Mexico,,,,,,...,...,"883,021",...,ESDJ,2006-07-01,"(12),(13)"
Jiaxing,China,,,,,,"881,923",...,...,...,CDJC,2000-11-01,
Kozhikode,India,,,,,,"436,527",96,"880,168",233,CDFC,2001-03-01,-53
Salé,Morocco,,,,,,"880,000",...,...,...,ESDF,2003-07-01,-4
Zhuzhou,China,,,,,,"879,996",...,...,...,CDJC,2000-11-01,
Tyneside,United Kingdom,,,,,,...,...,"879,996",...,ESDF,2001-04-29,-99
Hengyang,China,,,,,,"879,051",...,...,...,CDJC,2000-11-01,
Dehui,China,,,,,,"878,349",...,...,...,CDJC,2000-11-01,
Honghu,China,,,,,,"877,775",...,...,...,CDJC,2000-11-01,
Danyang,China,,,,,,"877,232",...,...,...,CDJC,2000-11-01,
Daye,China,,,,,,"873,859",...,...,...,CDJC,2000-11-01,
Solapur,India,,,,,,"873,037",...,...,...,CDFC,2001-03-01,-53
Xingning,China,,,,,,"871,507",...,...,...,CDJC,2000-11-01,
Xiangfan,China,,,,,,"871,388",...,...,...,CDJC,2000-11-01,
Shubra-El-Khema,Egypt,,,,,,"870,776",...,...,...,CDFC,1996-11-19,
Luoding,China,,,,,,"866,190",...,...,...,CDJC,2000-11-01,
Gwalior,India,,,,,,"826,919",290,"865,800",303,CDFC,2001-03-01,-53
Ranchi,India,,,,,,"846,454",177,"862,850",182,CDFC,2001-03-01,-53
Huiyang,China,,,,,,"862,822",...,...,...,CDJC,2000-11-01,
Mombasa,Kenya,,,,,,"862,092",230,...,...,ESDF,2006-07-01,
Jinzhou (Liaoning),China,,,,,,"861,991",...,...,...,CDJC,2000-11-01,
Jiangyan,China,,,,,,"861,321",...,...,...,CDJC,2000-11-01,
Chenghai,China,,,,,,"860,003",...,...,...,CDJC,2000-11-01,
Jiamusi,China,,,,,,"859,944",...,...,...,CDJC,2000-11-01,
Songzi,China,,,,,,"859,941",...,...,...,CDJC,2000-11-01,
TEGUCIGALPA,Honduras,,,,,,"858,437",...,...,...,ESDF,2003-07-01,
Wujiang,China,,,,,,"857,104",...,...,...,CDJC,2000-11-01,
Jodhpur,India,,,,,,"846,408",79,"856,034",...,CDFC,2001-03-01,-53
Duque de Caxias,Brazil,,,,,,"855,010",463,...,...,ESDF,2005-07-01,-11
Xi'ning,China,,,,,,"854,466",...,...,...,CDJC,2000-11-01,
Yuyao,China,,,,,,"852,719",...,...,...,CDJC,2000-11-01,
Hezhou,China,,,,,,"850,023",...,...,...,CDJC,2000-11-01,
Jiangyou,China,,,,,,"849,761",...,...,...,CDJC,2000-11-01,
Tiruchchirappalli,India,,,,,,"746,062",23,"847,131",166,CDFC,2001-03-01,-53
Baoshan,China,,,,,,"846,865",...,...,...,CDJC,2000-11-01,
Saratov,Russia,,,,,,"845,758",...,...,...,ESDJ,2006-07-01,"(95),(96)"
Nova Iguaçu,Brazil,,,,,,"844,583",795,...,...,ESDF,2005-07-01,-11
Ankang,China,,,,,,"843,426",...,...,...,CDJC,2000-11-01,
Gaomi,China,,,,,,"842,403",...,...,...,CDJC,2000-11-01,
Yangchun,China,,,,,,"840,581",...,...,...,CDJC,2000-11-01,
Santiago de los Caballeros,Dominican Republic,,,,,,"836,614",...,...,...,ESDF,2001-07-01,
Danzhou,China,,,,,,"835,465",...,...,...,CDJC,2000-11-01,
LA PAZ,Bolivia,,,,,,"835,167",...,...,...,ESDF,2006-07-01,-45
Zhuanghe,China,,,,,,"835,062",...,...,...,CDJC,2000-11-01,
Zhuhai,China,,,,,,"833,908",...,...,...,CDJC,2000-11-01,
Zhaodong,China,,,,,,"832,657",...,...,...,CDJC,2000-11-01,
Sakai,Japan,,,,,,"830,966",150,...,...,CDFC,2005-10-01,"(61),(62),(63)"
Haikou,China,,,,,,"830,192",...,...,...,CDJC,2000-11-01,
Jiaonan,China,,,,,,"827,771",...,...,...,CDJC,2000-11-01,
El Alto,Bolivia,,,,,,"827,239",...,...,...,ESDF,2006-07-01,
Xuancheng,China,,,,,,"822,707",...,...,...,CDJC,2000-11-01,
Wuchuan,China,,,,,,"822,482",...,...,...,CDJC,2000-11-01,
Yuhang,China,,,,,,"817,715",...,...,...,CDJC,2000-11-01,
Qinhuangdao,China,,,,,,"817,487",...,...,...,CDJC,2000-11-01,
Bogor,Indonesia,,,,,,"816,911",119,...,...,ESDF,2003-07-01,
Kermanshah,Iran,,,,,,"816,428",...,...,...,ESDJ,2003-07-01,
Longhai,China,,,,,,"816,318",...,...,...,CDJC,2000-11-01,
Liverpool,United Kingdom,,,,,,...,...,"816,216",...,ESDF,2001-04-29,-99
Yanshi,China,,,,,,"816,026",...,...,...,CDJC,2000-11-01,
Guwahati,India,,,,,,"808,021",217,"814,575",...,CDFC,2001-03-01,-53
Yichun (Heilongjiang),China,,,,,,"814,016",...,...,...,CDJC,2000-11-01,
Konya,Turkey,,,,,,...,...,"810,957",...,ESDF,2003-07-01,-75
Barquisimeto,Venezuela,,,,,,"810,809","2,645",...,...,ESDF,1998-07-01,
Yingde,China,,,,,,"810,446",...,...,...,CDJC,2000-11-01,
Bengbu,China,,,,,,"809,399",...,...,...,CDJC,2000-11-01,
Yibin,China,,,,,,"809,099",...,...,...,CDJC,2000-11-01,
Chandigarh,India,,,,,,"808,796",70,...,...,CDFC,2001-03-01,-53
Xiangxiang,China,,,,,,"807,718",...,...,...,CDJC,2000-11-01,
Yinchuan,China,,,,,,"807,487",...,...,...,CDJC,2000-11-01,
Valencia,Spain,,,,,,"805,304","1,346",...,...,ESDJ,2006-01-01,-98
Guilin,China,,,,,,"804,571",...,...,...,CDJC,2000-11-01,
Hamamatsu,Japan,,,,,,"804,032","1,511",...,...,CDFC,2005-10-01,"(61),(62),(63)"
Sao Bernardo do Campo,Brazil,,,,,,"803,906",319,...,...,ESDF,2005-07-01,-11
Deir El-Zor,Syria,,,,,,"803,000",...,...,...,ESDF,2000-07-01,
BISHKEK,Kyrgyzstan,,,,,,"790,600",...,"802,600",127,ESDJ,2006-07-01,
Teresina,Brazil,,,,,,"801,971","1,356",...,...,ESDF,2005-07-01,-11
Suihua,China,,,,,,"800,207",...,...,...,CDJC,2000-11-01,
BENGHAZI,Libya,,,,,,"800,000",...,...,...,ESDJ,1990-07-01,-2
Jiutai,China,,,,,,"799,729",...,...,...,CDJC,2000-11-01,
Meishan,China,,,,,,"799,309",...,...,...,CDJC,2000-11-01,
Zaporizhya,Ukraine,,,,,,"795,422",169,"798,034",328,ESDJ,2005-01-01,
Gaoyou,China,,,,,,"797,752",...,...,...,CDJC,2000-11-01,
Marseille,France,,,,,,"796,525",241,...,...,CDJC,1999-03-08,"(82),(83)"
Kaifeng,China,,,,,,"796,171",...,...,...,CDJC,2000-11-01,
Changning,China,,,,,,"795,223",...,...,...,CDJC,2000-11-01,
Tongliao,China,,,,,,"793,913",...,...,...,CDJC,2000-11-01,
Natal,Brazil,,,,,,"789,896",...,...,...,ESDF,2005-07-01,-11
Bandar Lampung,Indonesia,,,,,,"789,755",193,...,...,ESDF,2003-07-01,
Dongying,China,,,,,,"788,844",...,...,...,CDJC,2000-11-01,
Gaoan,China,,,,,,"788,329",...,...,...,CDJC,2000-11-01,
Langzhong,China,,,,,,"787,809",...,...,...,CDJC,2000-11-01,
Lichuan,China,,,,,,"786,984",...,...,...,CDJC,2000-11-01,
Hubli-Dharwad,India,,,,,,"786,018",191,...,...,CDFC,2001-03-01,-53
Mysore,India,,,,,,"742,261",103,"785,800",129,CDFC,2001-03-01,-53
Niigata,Japan,,,,,,"785,134",650,...,...,CDFC,2005-10-01,"(61),(62),(63)"
Indianapolis (IN),United States,,,,,,"784,118",936,...,...,ESDJ,2005-07-01,"(16),(17)"
Jiaozhou,China,,,,,,"783,478",...,...,...,CDJC,2000-11-01,
Pingxiang (Jiangxi),China,,,,,,"783,445",...,...,...,CDJC,2000-11-01,
Haiphong,Viet Nam,,,,,,"783,133",22,...,...,ESDF,1992-07-01,
Arequipa,Peru,,,,,,"783,000",...,...,...,CDFC,2005-07-18,-49
Jacksonville (FL),United States,,,,,,"782,623","1,934",...,...,ESDJ,2005-07-01,"(16),(17)"
Tanger,Morocco,,,,,,"782,000",...,...,...,ESDF,2003-07-01,-4
Dandong,China,,,,,,"780,414",...,...,...,CDJC,2000-11-01,
KISHINEV,Moldova,,,,,,"661,200",121,"780,100",...,ESDJ,2004-07-01,
Krasnodar,Russia,,,,,,"709,686",...,"779,320",...,ESDJ,2006-07-01,"(95),(96)"
ZAGREB,Croatia,,,,,,"691,724","1,405","779,145",...,ESDJ,2001-07-01,
Xinmi,China,,,,,,"779,014",...,...,...,CDJC,2000-11-01,
Chaohu,China,,,,,,"778,864",...,...,...,CDJC,2000-11-01,
Xinyu,China,,,,,,"778,391",...,...,...,CDJC,2000-11-01,
Gongyi,China,,,,,,"777,202",...,...,...,CDJC,2000-11-01,
Huixian,China,,,,,,"776,326",...,...,...,CDJC,2000-11-01,
Xinxiang,China,,,,,,"775,941",...,...,...,CDJC,2000-11-01,
Port Elizabeth,South Africa,,,,,,"775,255",...,...,...,CDFC,1996-10-10,
Mendoza,Argentina,,,,,,"121,620",...,"773,113",...,CDFC,1991-10-15,
Nantong,China,,,,,,"771,386",...,...,...,CDJC,2000-11-01,
Pengzhou,China,,,,,,"770,749",...,...,...,CDJC,2000-11-01,
Khulna,Bangladesh,,,,,,...,...,"770,498",60,CDFC,2001-01-22,
Malang,Indonesia,,,,,,"770,483",145,...,...,ESDF,2003-07-01,
Padang,Indonesia,,,,,,"770,451",694,...,...,ESDF,2003-07-01,
Anyang,China,,,,,,"768,992",...,...,...,CDJC,2000-11-01,
Renqiu,China,,,,,,"768,900",...,...,...,CDJC,2000-11-01,
Foshan,China,,,,,,"768,656",...,...,...,CDJC,2000-11-01,
Anshun,China,,,,,,"767,307",...,...,...,CDJC,2000-11-01,
Chihuahua,Mexico,,,,,,...,...,"766,513",...,ESDJ,2006-07-01,"(12),(13)"
Campo Grande,Brazil,,,,,,"765,247","8,091",...,...,ESDF,2005-07-01,-11
Lódz,Poland,,,,,,"764,168",293,...,...,ESDF,2006-07-01,-94
Goyang,South Korea,,,,,,"763,971",...,...,...,CDFC,2000-11-01,
Benin City,Nigeria,,,,,,"762,719",...,...,...,CDFC,1991-11-26,
Bucheon (Puchon),South Korea,,,,,,"761,389",53,...,...,CDFC,2000-11-01,
Gaocheng,China,,,,,,"758,269",...,...,...,CDJC,2000-11-01,
Pulandian,China,,,,,,"757,844",...,...,...,CDJC,2000-11-01,
Hejian,China,,,,,,"757,581",...,...,...,CDJC,2000-11-01,
Dafeng,China,,,,,,"756,766",...,...,...,CDJC,2000-11-01,
Kraków,Poland,,,,,,"756,757",327,...,...,ESDF,2006-07-01,-94
Enshi,China,,,,,,"755,725",...,...,...,CDJC,2000-11-01,
Dongyang,China,,,,,,"753,094",...,...,...,CDJC,2000-11-01,
Lviv,Ukraine,,,,,,"727,061",94,"752,285",168,ESDJ,2005-01-01,
Kunshan,China,,,,,,"750,074",...,...,...,CDJC,2000-11-01,
Shuangcheng,China,,,,,,"749,182",...,...,...,CDJC,2000-11-01,
Salem,India,,,,,,"693,236",20,"748,513",93,CDFC,2001-03-01,-53
Jiaozuo,China,,,,,,"747,299",...,...,...,CDJC,2000-11-01,
Ad-Dammam,Saudi Arabia,,,,,,"744,321",...,...,...,CDFC,2004-09-15,
Huaibei,China,,,,,,"741,195",...,...,...,CDJC,2000-11-01,
Liyang,China,,,,,,"740,871",...,...,...,CDJC,2000-11-01,
Samut Prakan,Thailand,,,,,,...,...,"737,472",622,ESDJ,2006-07-01,
Rongcheng,China,,,,,,"732,147",...,...,...,CDJC,2000-11-01,
Cenxi,China,,,,,,"731,623",...,...,...,CDJC,2000-11-01,
Nampho,North Korea,,,,,,"731,448",...,...,...,CDFC,31-12-1993,
Columbus (OH),United States,,,,,,"730,657",563,...,...,ESDJ,2005-07-01,"(16),(17)"
Bareilly,India,,,,,,"699,839",107,"729,800",124,CDFC,2001-03-01,-53
Leping,China,,,,,,"729,639",...,...,...,CDJC,2000-11-01,
Laixi,China,,,,,,"728,796",...,...,...,CDJC,2000-11-01,
Liaoyang,China,,,,,,"728,492",...,...,...,CDJC,2000-11-01,
Zhaotong,China,,,,,,"727,959",...,...,...,CDJC,2000-11-01,
JERUSALEM,Israel,,,,,,"726,638",125,...,...,ESDJ,2006-07-01,"(59),(60)"
Tainan,China,,,,,,"725,445",...,...,...,ESDF,1999-07-01,
Cuernavaca,Mexico,,,,,,...,...,"725,033",...,ESDJ,2006-07-01,"(12),(13)"
RIGA,Latvia,,,,,,"725,032",307,...,...,ESDF,2006-07-01,-90
Linfen,China,,,,,,"724,403",...,...,...,CDJC,2000-11-01,
Québec,Canada,,,,,,...,...,"723,263","3,154",ESDJ,2006-07-01,
Lingbao,China,,,,,,"722,890",...,...,...,CDJC,2000-11-01,
Shangyu,China,,,,,,"722,523",...,...,...,CDJC,2000-11-01,
Wuan,China,,,,,,"720,196",...,...,...,CDJC,2000-11-01,
Hailun,China,,,,,,"720,008",...,...,...,CDJC,2000-11-01,
Xingyi,China,,,,,,"719,605",...,...,...,CDJC,2000-11-01,
Wuxue,China,,,,,,"719,426",...,...,...,CDJC,2000-11-01,
Cebu,Philippines,,,,,,"718,821",281,...,...,CDJC,2000-10-01,
Aguascalientes,Mexico,,,,,,...,...,"718,643",...,ESDJ,2006-07-01,"(12),(13)"
Tolyatti,Russia,,,,,,"705,084",...,"717,760",...,ESDJ,2006-07-01,"(95),(96)"
Hamilton,Canada,,,,,,...,...,"716,230","1,372",ESDJ,2006-07-01,
Zhoushan,China,,,,,,"715,685",...,...,...,CDJC,2000-11-01,
Langfang,China,,,,,,"715,388",...,...,...,CDJC,2000-11-01,
Osasco,Brazil,,,,,,"714,950",...,...,...,ESDF,2005-07-01,-11
Nonthaburi,Thailand,,,,,,...,...,"714,853","1,004",ESDJ,2006-07-01,
Dashiqiao,China,,,,,,"714,670",...,...,...,CDJC,2000-11-01,
Tongxiang,China,,,,,,"713,399",...,...,...,CDJC,2000-11-01,
Yichang,China,,,,,,"712,738",...,...,...,CDJC,2000-11-01,
Yangzhou,China,,,,,,"711,993",...,...,...,CDJC,2000-11-01,
Blantyre City,Malawi,,,,,,"711,233",...,...,...,ESDF,2005-07-01,
Hamhung,North Korea,,,,,,"709,730",...,...,...,CDFC,31-12-1993,
Jalandhar,India,,,,,,"701,223",80,"709,255",...,CDFC,2001-03-01,-53
Al-Rakka,Syria,,,,,,"708,000",...,...,...,ESDF,2000-07-01,
NIAMEY,Niger,,,,,,"707,951",...,...,...,CDJC,2001-10-20,-6
Xiangtan,China,,,,,,"707,783",...,...,...,CDJC,2000-11-01,
Winnipeg,Canada,,,,,,...,...,"706,749","4,151",ESDJ,2006-07-01,
Oran (Wahran),Algeria,,,,,,"705,335",...,...,...,CDJC,1998-06-25,
Kota,India,,,,,,"695,899",221,"704,731",...,CDFC,2001-03-01,-53
Sevilla,Spain,,,,,,"704,414","1,413",...,...,ESDJ,2006-01-01,-98
Navi Mumbai (New Bombay),India,,,,,,"703,947",...,...,...,CDFC,2001-03-01,-53
Port Harcourt,Nigeria,,,,,,"703,421",...,...,...,CDFC,1991-11-26,
Saltillo,Mexico,,,,,,...,...,"701,570",...,ESDJ,2006-07-01,"(12),(13)"
Khartoum North,Sudan,,,,,,"700,887",...,...,...,CDFC,1993-04-15,
Shizuoka,Japan,,,,,,"700,886","1,374",...,...,CDFC,2005-10-01,"(61),(62),(63)"
Yuanjiang,China,,,,,,"700,236",...,...,...,CDJC,2000-11-01,
Raipur,India,,,,,,"605,131",...,"699,264",64,CDFC,2001-03-01,-53
Kryviy Rig,Ukraine,,,,,,"695,168",243,"698,599",470,ESDJ,2005-01-01,
Yingkou,China,,,,,,"698,059",...,...,...,CDJC,2000-11-01,
Wuhu,China,,,,,,"697,197",...,...,...,CDJC,2000-11-01,
Zhenjiang,China,,,,,,"695,663",...,...,...,CDJC,2000-11-01,
Querétaro,Mexico,,,,,,...,...,"695,149",...,ESDJ,2006-07-01,"(12),(13)"
Nankang,China,,,,,,"694,987",...,...,...,CDJC,2000-11-01,
Wugang (Hunan),China,,,,,,"694,847",...,...,...,CDJC,2000-11-01,
Hegang,China,,,,,,"694,640",...,...,...,CDJC,2000-11-01,
Linqing,China,,,,,,"694,247",...,...,...,CDJC,2000-11-01,
PRETORIA,South Africa,,,,,,"692,348",...,...,...,CDFC,1996-10-10,-9
Zunyi,China,,,,,,"691,694",...,...,...,CDJC,2000-11-01,
Panzhihua,China,,,,,,"690,739",...,...,...,CDJC,2000-11-01,
Austin (TX),United States,,,,,,"690,252",688,...,...,ESDJ,2005-07-01,"(16),(17)"
Changle,China,,,,,,"689,815",...,...,...,CDJC,2000-11-01,
Lianyungang,China,,,,,,"687,242",...,...,...,CDJC,2000-11-01,
Yancheng,China,,,,,,"683,663",...,...,...,CDJC,2000-11-01,
Zunhua,China,,,,,,"683,662",...,...,...,CDJC,2000-11-01,
Changyi,China,,,,,,"683,182",...,...,...,CDJC,2000-11-01,
Meknès,Morocco,,,,,,"680,000",...,...,...,ESDF,2003-07-01,"(4),(5)"
Qiongshan,China,,,,,,"678,149",...,...,...,CDJC,2000-11-01,
Bulawayo,Zimbabwe,,,,,,"676,650",479,...,...,CDFC,2002-08-17,
Wendeng,China,,,,,,"675,061",...,...,...,CDJC,2000-11-01,
Okayama,Japan,,,,,,"674,746",659,...,...,CDFC,2005-10-01,"(61),(62),(63)"
Santo André,Brazil,,,,,,"673,234",...,...,...,ESDF,2005-07-01,-11
RABAT,Morocco,,,,,,"673,000",...,...,...,ESDF,2003-07-01,-4
Pakanbaru,Indonesia,,,,,,"672,480",632,...,...,ESDF,2003-07-01,
Nehe,China,,,,,,"672,295",...,...,...,CDJC,2000-11-01,
Memphis (TN),United States,,,,,,"672,277",787,...,...,ESDJ,2005-07-01,"(16),(17)"
Joao Pessoa,Brazil,,,,,,"672,081",...,...,...,ESDF,2005-07-01,-11
KATHMANDU,Nepal,,,,,,"671,846",49,...,...,CDJC,2001-06-22,
Longkou,China,,,,,,"671,335",...,...,...,CDJC,2000-11-01,
Shengzhou,China,,,,,,"671,221",...,...,...,CDJC,2000-11-01,
Antalya,Turkey,,,,,,"670,229",...,...,...,ESDF,2003-07-01,
Kumamoto,Japan,,,,,,"669,603",267,...,...,CDFC,2005-10-01,"(61),(62),(63)"
LILONGWE,Malawi,,,,,,"669,114",...,...,...,ESDF,2005-07-01,
Mexicali,Mexico,,,,,,...,...,"668,736",...,ESDJ,2006-07-01,"(12),(13)"
Kaiping,China,,,,,,"668,692",...,...,...,CDJC,2000-11-01,
Palermo,Italy,,,,,,"668,686",159,...,...,ESDJ,2006-07-01,
Aligarh,India,,,,,,"667,732",34,...,...,CDFC,2001-03-01,-53
Nottingham,United Kingdom,,,,,,...,...,"666,358",...,ESDF,2001-04-29,-99
Haining,China,,,,,,"666,080",...,...,...,CDJC,2000-11-01,
Mosul,Iraq,,,,,,"664,221",...,...,...,CDFC,1987-10-17,
Hermosillo,Mexico,,,,,,"661,057",...,...,...,ESDJ,2006-07-01,"(12),(13)"
Tongcheng,China,,,,,,"660,772",...,...,...,CDJC,2000-11-01,
Shulan,China,,,,,,"660,065",...,...,...,CDJC,2000-11-01,
Miluo,China,,,,,,"658,867",...,...,...,CDJC,2000-11-01,
Bhubaneswar,India,,,,,,"647,302",125,"657,477",...,CDFC,2001-03-01,-53
Yangquan,China,,,,,,"655,317",...,...,...,CDJC,2000-11-01,
Chenzhou,China,,,,,,"655,014",...,...,...,CDJC,2000-11-01,
Haiyang,China,,,,,,"654,594",...,...,...,CDJC,2000-11-01,
Morelia,Mexico,,,,,,...,...,"654,303",...,ESDJ,2006-07-01,"(12),(13)"
Huangshi (Hubei),China,,,,,,"653,722",...,...,...,CDJC,2000-11-01,
Xinmin,China,,,,,,"653,719",...,...,...,CDJC,2000-11-01,
Tétouan,Morocco,,,,,,"652,000",...,...,...,ESDF,2003-07-01,-4
Barnaul,Russia,,,,,,"602,160",...,"651,530",...,ESDJ,2006-07-01,"(95),(96)"
Qixia,China,,,,,,"651,357",...,...,...,CDJC,2000-11-01,
Jaboatao dos Guarapes,Brazil,,,,,,"651,355",...,...,...,ESDF,2005-07-01,-11
Chongzhou,China,,,,,,"650,698",...,...,...,CDJC,2000-11-01,
Cotonou,Benin,,,,,,"650,660",79,...,...,ESDF,2000-07-01,
Yingcheng,China,,,,,,"650,485",...,...,...,CDJC,2000-11-01,
Zaragoza,Spain,,,,,,"649,181","10,631",...,...,ESDJ,2006-01-01,-98
Changzhi,China,,,,,,"648,981",...,...,...,CDJC,2000-11-01,
Qujing,China,,,,,,"648,956",...,...,...,CDJC,2000-11-01,
Linghai,China,,,,,,"647,310",...,...,...,CDJC,2000-11-01,
Changge,China,,,,,,"646,306",...,...,...,CDJC,2000-11-01,
Trujillo,Peru,,,,,,"644,547",...,...,...,CDFC,2005-07-18,-49
Tampico,Mexico,,,,,,...,...,"644,494",...,ESDJ,2006-07-01,"(12),(13)"
Maoming,China,,,,,,"644,301",...,...,...,CDJC,2000-11-01,
Morón,Argentina,,,,,,"643,553",...,...,...,CDFC,1991-10-15,
La Plata,Argentina,,,,,,"521,936",...,"642,979",...,CDFC,1991-10-15,
Ciudad Guayana,Venezuela,,,,,,"641,998","1,612",...,...,ESDF,1998-07-01,
Moradabad,India,,,,,,"641,240",34,...,...,CDFC,2001-03-01,-53
Jieshou,China,,,,,,"640,878",...,...,...,CDJC,2000-11-01,
Sheffield,United Kingdom,,,,,,...,...,"640,720",...,ESDF,2001-04-29,-99
Donggang,China,,,,,,"640,340",...,...,...,CDJC,2000-11-01,
Jingjiang,China,,,,,,"639,665",...,...,...,CDJC,2000-11-01,
Acheng,China,,,,,,"638,894",...,...,...,CDJC,2000-11-01,
Acapulco (de Juárez),Mexico,,,,,,...,...,"638,084",...,ESDJ,2006-07-01,"(12),(13)"
Veracruz,Mexico,,,,,,...,...,"637,345",...,ESDJ,2006-07-01,"(12),(13)"
Ulyanovsk,Russia,,,,,,"614,447",...,"635,526",...,ESDJ,2006-07-01,"(95),(96)"
Wroclaw,Poland,,,,,,"635,280",293,...,...,ESDF,2006-07-01,-94
Jieyang,China,,,,,,"633,570",...,...,...,CDJC,2000-11-01,
Shaoxing,China,,,,,,"633,118",...,...,...,CDJC,2000-11-01,
Qian'an,China,,,,,,"632,704",...,...,...,CDJC,2000-11-01,
Nanchuan,China,,,,,,"631,853",...,...,...,CDJC,2000-11-01,
Qionglai,China,,,,,,"631,577",...,...,...,CDJC,2000-11-01,
Deyang,China,,,,,,"628,876",...,...,...,CDJC,2000-11-01,
Sagamihara,Japan,,,,,,"628,698",90,...,...,CDFC,2005-10-01,"(61),(62),(63)"
Fuyang (Anhui),China,,,,,,"628,633",...,...,...,CDJC,2000-11-01,
Fuxin,China,,,,,,"627,855",...,...,...,CDJC,2000-11-01,
Jiyuan,China,,,,,,"626,478",...,...,...,CDJC,2000-11-01,
Puente Alto,Chile,,,,,,"626,310",...,...,...,ESDF,2006-06-30,
Qufu,China,,,,,,"625,313",...,...,...,CDJC,2000-11-01,
Gaoyao,China,,,,,,"625,125",...,...,...,CDJC,2000-11-01,
Gorakhpur,India,,,,,,"624,570",137,...,...,CDFC,2001-03-01,-53
Fort Worth (TX),United States,,,,,,"624,067",864,...,...,ESDJ,2005-07-01,"(16),(17),(20)"
Xinji,China,,,,,,"623,219",...,...,...,CDJC,2000-11-01,
San Miguel de Tucumán,Argentina,,,,,,"470,809",...,"622,324",...,CDFC,1991-10-15,
Dujiangyan,China,,,,,,"621,980",...,...,...,CDJC,2000-11-01,
The Hague,Netherlands,,,,,,"475,627",83,"621,512",...,ESDJ,2006-01-01,-93
Bhiwandi,India,,,,,,"598,703",26,"621,390",28,CDFC,2001-03-01,-53
Culiacán Rosales,Mexico,,,,,,"620,768",...,...,...,ESDJ,2006-07-01,"(12),(13)"
Lingyuan,China,,,,,,"620,121",...,...,...,CDJC,2000-11-01,
Xingyang,China,,,,,,"619,840",...,...,...,CDJC,2000-11-01,
Maiduguri,Nigeria,,,,,,"618,278",...,...,...,CDFC,1991-11-26,
Genova,Italy,,,,,,"618,001",244,...,...,ESDJ,2006-07-01,
Meihekou,China,,,,,,"617,674",...,...,...,CDJC,2000-11-01,
Izhevsk,Russia,,,,,,"617,558",...,...,...,ESDJ,2006-07-01,"(95),(96)"
Jeonju (Chonchu),South Korea,,,,,,"616,468",206,...,...,CDFC,2000-11-01,
Leling,China,,,,,,"615,833",...,...,...,CDJC,2000-11-01,
Xichang,China,,,,,,"615,212",...,...,...,CDJC,2000-11-01,
COLOMBO,Sri Lanka,,,,,,"615,000",...,...,...,ESDF,1990-07-01,
Zaria,Nigeria,,,,,,"612,257",...,...,...,CDFC,1991-11-26,
Anlu,China,,,,,,"611,990",...,...,...,CDJC,2000-11-01,
Sao José dos Campos,Brazil,,,,,,"610,965","1,186",...,...,ESDF,2005-07-01,-11
Charlotte (NC),United States,,,,,,"610,949",697,...,...,ESDJ,2005-07-01,"(16),(17)"
Yizheng,China,,,,,,"610,356",...,...,...,CDJC,2000-11-01,
Malmö,Sweden,,,,,,"273,758",154,"609,356",...,ESDJ,2006-07-01,
Weihai,China,,,,,,"609,219",...,...,...,CDJC,2000-11-01,
Xinzheng,China,,,,,,"609,173",...,...,...,CDJC,2000-11-01,
Dengfeng,China,,,,,,"609,085",...,...,...,CDJC,2000-11-01,
Vladivostok,Russia,,,,,,"582,246",...,"608,778",...,ESDJ,2006-07-01,"(95),(96)"
Shaoyang,China,,,,,,"607,868",...,...,...,CDJC,2000-11-01,
Taizhou (Jiangsu),China,,,,,,"607,660",...,...,...,CDJC,2000-11-01,
Jammu,India,,,,,,"378,431",...,"607,642",...,CDFC,2001-03-01,-53
Lanxi,China,,,,,,"607,196",...,...,...,CDJC,2000-11-01,
Yuncheng,China,,,,,,"604,381",...,...,...,CDJC,2000-11-01,
Kagoshima,Japan,,,,,,"604,367",547,...,...,CDFC,2005-10-01,"(61),(62),(63)"
Yaroslave,Russia,,,,,,"603,872",...,...,...,ESDJ,2006-07-01,"(95),(96)"
Contagem,Brazil,,,,,,"603,376",167,...,...,ESDF,2005-07-01,-11
Shishou,China,,,,,,"602,649",...,...,...,CDJC,2000-11-01,
Panjin,China,,,,,,"602,541",...,...,...,CDJC,2000-11-01,
Zamboanga,Philippines,,,,,,"601,794",464,...,...,CDJC,2000-10-01,
Orumiyeh,Iran,,,,,,"601,478",...,...,...,ESDJ,2003-07-01,
Binzhou,China,,,,,,"600,883",...,...,...,CDJC,2000-11-01,
Kisumu,Kenya,,,,,,"600,789",475,...,...,ESDF,2006-07-01,
Baoji,China,,,,,,"600,377",...,...,...,CDJC,2000-11-01,
Uberlândia,Brazil,,,,,,"600,368","4,040",...,...,ESDF,2005-07-01,-11
El Paso (TX),United States,,,,,,"598,590",645,...,...,ESDJ,2005-07-01,"(16),(17)"
Yunzhou,China,,,,,,"598,387",...,...,...,CDJC,2000-11-01,
Kénitra,Morocco,,,,,,"598,000",...,...,...,ESDF,2003-07-01,-4
Diyarbakir,Turkey,,,,,,"595,951",...,...,...,ESDF,2003-07-01,
Jurong,China,,,,,,"594,316",...,...,...,CDJC,2000-11-01,
Cúcuta,Colombia,,,,,,...,...,"593,952","1,098",ESDF,2006-07-01,-47
Zhaoyuan,China,,,,,,"593,705",...,...,...,CDJC,2000-11-01,
Huizhou,China,,,,,,"591,686",...,...,...,CDJC,2000-11-01,
Tianchang,China,,,,,,"590,745",...,...,...,CDJC,2000-11-01,
Dortmund,Germany,,,,,,"590,213",280,...,...,ESDJ,1999-07-01,
Shihezi,China,,,,,,"590,115",...,...,...,CDJC,2000-11-01,
Shiyan,China,,,,,,"589,824",...,...,...,CDJC,2000-11-01,
Cuttack,India,,,,,,"535,139",122,"587,637",153,CDFC,2001-03-01,-53
Cochabamba,Bolivia,,,,,,"586,813",...,...,...,ESDF,2006-07-01,
Cheongju,South Korea,,,,,,"586,700",153,...,...,CDFC,2000-11-01,
Jingmen,China,,,,,,"583,373",...,...,...,CDJC,2000-11-01,
Shangzhi,China,,,,,,"582,764",...,...,...,CDJC,2000-11-01,
Anqing,China,,,,,,"582,751",...,...,...,CDJC,2000-11-01,
Chongjin,North Korea,,,,,,"582,480",...,...,...,CDFC,31-12-1993,
Stuttgart,Germany,,,,,,"582,443",207,...,...,ESDJ,1999-07-01,
Rushan,China,,,,,,"580,326",...,...,...,CDJC,2000-11-01,
KINGSTON,Jamaica,,,,,,"579,137",22,...,...,CDJC,2001-09-10,
Milwaukee (WI),United States,,,,,,"578,887",249,...,...,ESDJ,2005-07-01,"(16),(17)"
Sorocaba,Brazil,,,,,,"578,068",...,...,...,ESDF,2005-07-01,-11
Glasgow,United Kingdom,,,,,,...,...,"577,869",...,ESDF,2001-04-29,-99
Khabarovsk,Russia,,,,,,"577,737",...,...,...,ESDJ,2006-07-01,"(95),(96)"
Guanghan,China,,,,,,"577,298",...,...,...,CDJC,2000-11-01,
Warangal,India,,,,,,"528,570",57,"577,190",67,CDFC,2001-03-01,-53
Irkutsk,Russia,,,,,,"576,973",...,...,...,ESDJ,2006-07-01,"(95),(96)"
Tyumen,Russia,,,,,,"546,167",...,"574,592",...,ESDJ,2006-07-01,"(95),(96)"
Lomas de Zamora,Argentina,,,,,,"574,330",...,...,...,CDFC,1991-10-15,
Beipiao,China,,,,,,"573,836",...,...,...,CDJC,2000-11-01,
Funabashi,Japan,,,,,,"569,835",86,...,...,CDFC,2005-10-01,"(61),(62),(63)"
Mingguang,China,,,,,,"569,585",...,...,...,CDJC,2000-11-01,
Düsseldorf,Germany,,,,,,"568,855",217,...,...,ESDJ,1999-07-01,
Shenzhou,China,,,,,,"568,558",...,...,...,CDJC,2000-11-01,
Içel,Turkey,,,,,,"568,388",...,...,...,ESDF,2003-07-01,
Zhangzhou,China,,,,,,"567,884",...,...,...,CDJC,2000-11-01,
Xianning,China,,,,,,"567,598",...,...,...,CDJC,2000-11-01,
Maanshan,China,,,,,,"567,576",...,...,...,CDJC,2000-11-01,
Bandjarmasin,Indonesia,,,,,,"567,345",72,...,...,ESDF,2003-07-01,
Callao,Peru,,,,,,"567,042",...,...,...,CDFC,2005-07-18,-49
Poznan,Poland,,,,,,"566,546",262,...,...,ESDF,2006-07-01,-94
Kayseri,Turkey,,,,,,...,...,"566,162",...,ESDF,2003-07-01,-74
Chon Buri,Thailand,,,,,,...,...,"565,687","4,363",ESDJ,2006-07-01,
Quetta,Pakistan,,,,,,"565,137",...,...,...,CDFC,1998-03-02,-66
Shuozhou,China,,,,,,"563,896",...,...,...,CDJC,2000-11-01,
Samarinda,Indonesia,,,,,,"563,570",781,...,...,ESDF,2003-07-01,
HELSINKI,Finland,,,,,,"562,713",186,...,...,ESDJ,2006-07-01,
Akesu,China,,,,,,"561,822",...,...,...,CDJC,2000-11-01,
Novokuznetsk,Russia,,,,,,"561,647",...,...,...,ESDJ,2006-07-01,"(95),(96)"
Málaga,Spain,,,,,,"560,631","3,930",...,...,ESDJ,2006-01-01,-98
Fengcheng (Liaoning),China,,,,,,"560,384",...,...,...,CDJC,2000-11-01,
Hachioji,Japan,,,,,,"560,012",186,...,...,CDFC,2005-10-01,"(61),(62),(63)"
Ribeirao Prêto,Brazil,,,,,,"559,650",...,...,...,ESDF,2005-07-01,-11
Beihai,China,,,,,,"558,635",...,...,...,CDJC,2000-11-01,
Jamnagar,India,,,,,,"447,734",...,"558,462",...,CDFC,2001-03-01,-53
NOUAKCHOTT,Mauritania,,,,,,"558,195",...,...,...,CDFC,2000-11-01,
Bazhou,China,,,,,,"557,901",...,...,...,CDJC,2000-11-01,
Yongkang,China,,,,,,"557,067",...,...,...,CDJC,2000-11-01,
Louisville (KY),United States,,,,,,"556,429",842,...,...,ESDJ,2005-07-01,"(16),(17)"
Chizhou,China,,,,,,"555,489",...,...,...,CDJC,2000-11-01,
Huaiyin,China,,,,,,"555,052",...,...,...,CDJC,2000-11-01,
Fuan,China,,,,,,"554,057",...,...,...,CDJC,2000-11-01,
Bhilai Nagar,India,,,,,,"553,837",89,...,...,CDFC,2001-03-01,-53
Dezhou,China,,,,,,"552,445",...,...,...,CDJC,2000-11-01,
Makhachkala,Russia,,,,,,"466,626",...,"552,170",...,ESDJ,2006-07-01,"(95),(96)"
Xingping,China,,,,,,"551,523",...,...,...,CDJC,2000-11-01,
Jiujiang,China,,,,,,"551,329",...,...,...,CDJC,2000-11-01,
Bristol,United Kingdom,,,,,,...,...,"551,066",...,ESDF,2001-04-29,-99
Botou,China,,,,,,"550,888",...,...,...,CDJC,2000-11-01,
Fengnan,China,,,,,,"550,872",...,...,...,CDJC,2000-11-01,
ASTANA,Kazakhstan,,,,,,"550,438",...,...,...,ESDF,2006-01-01,
Yizhou,China,,,,,,"549,434",...,...,...,CDJC,2000-11-01,
Amravati,India,,,,,,"549,370",122,...,...,CDFC,2001-03-01,-53
Nashville-Davidson (TN),United States,,,,,,"549,110","1,224",...,...,ESDJ,2005-07-01,"(16),(17)"
Batam,Indonesia,,,,,,"547,550",969,...,...,ESDF,2003-07-01,
Orenburg,Russia,,,,,,"531,731",...,"546,904",...,ESDJ,2006-07-01,"(95),(96)"
Zhuozhou,China,,,,,,"546,754",...,...,...,CDJC,2000-11-01,
Las Vegas (NV),United States,,,,,,"545,147",344,...,...,ESDJ,2005-07-01,"(16),(17)"
Cancun,Mexico,,,,,,...,...,"545,138",...,ESDJ,2006-07-01,"(12),(13)"
Longyan,China,,,,,,"543,731",...,...,...,CDJC,2000-11-01,
OSLO,Norway,,,,,,"543,514",426,...,...,ESDJ,2006-07-01,
Cuiabá,Brazil,,,,,,"542,861","3,922",...,...,ESDF,2005-07-01,-11
Tiruppur,India,,,,,,"346,551",44,"542,787",91,CDFC,2001-03-01,-53
VILNIUS,Lithuania,,,,,,"542,303",394,...,...,ESDJ,2006-07-01,
Bremen,Germany,,,,,,"540,330",327,...,...,ESDJ,1999-07-01,
Gold Coast-Tweed,Australia,,,,,,"540,115","1,320",...,...,ESDJ,2005-06-30,-106
Gaobeidian,China,,,,,,"538,582",...,...,...,CDJC,2000-11-01,
Mangalore,India,,,,,,"398,745",75,"538,560",155,CDFC,2001-03-01,-53
Songyuan,China,,,,,,"538,469",...,...,...,CDJC,2000-11-01,
Yangjiang,China,,,,,,"538,069",...,...,...,CDJC,2000-11-01,
Wanyuan,China,,,,,,"536,685",...,...,...,CDJC,2000-11-01,
Jiangmen,China,,,,,,"536,317",...,...,...,CDJC,2000-11-01,
Xingtai,China,,,,,,"536,282",...,...,...,CDJC,2000-11-01,
Shaoguan,China,,,,,,"535,979",...,...,...,CDJC,2000-11-01,
Feira de Santana,Brazil,,,,,,"535,820","1,344",...,...,ESDF,2005-07-01,-11
Guixi,China,,,,,,"535,517",...,...,...,CDJC,2000-11-01,
Ruijin,China,,,,,,"535,499",...,...,...,CDJC,2000-11-01,
Zahedan,Iran,,,,,,"534,771",...,...,...,ESDJ,2003-07-01,
Jinzhong,China,,,,,,"534,357",...,...,...,CDJC,2000-11-01,
Portland (OR),United States,,,,,,"533,427",348,...,...,ESDJ,2005-07-01,"(16),(17)"
Jintan,China,,,,,,"533,350",...,...,...,CDJC,2000-11-01,
Reynosa,Mexico,,,,,,...,...,"532,192",...,ESDJ,2006-07-01,"(12),(13)"
Ilorin,Nigeria,,,,,,"532,089",...,...,...,CDFC,1991-11-26,
Oklahoma City (OK),United States,,,,,,"531,324","1,572",...,...,ESDJ,2005-07-01,"(16),(17)"
Nakhon Ratchasima,Thailand,,,,,,...,...,"530,993","20,494",ESDJ,2006-07-01,
N'DJAMENA,Chad,,,,,,"530,965",...,...,...,CDFC,1993-04-08,
Shangzhou,China,,,,,,"530,883",...,...,...,CDJC,2000-11-01,
Panshi,China,,,,,,"530,470",...,...,...,CDJC,2000-11-01,
Kerman,Iran,,,,,,"529,748",...,...,...,ESDJ,2003-07-01,
Kaiyuan (Liaoning),China,,,,,,"529,736",...,...,...,CDJC,2000-11-01,
ISLAMABAD,Pakistan,,,,,,"529,180",...,...,...,CDFC,1998-03-02,-66
SARAJEVO,Bosnia and Herzegovina,,,,,,"529,021","2,095",...,...,ESDJ,1991-03-31,
Bikaner,India,,,,,,"529,007",166,...,...,CDFC,2001-03-01,-53
DUSHANBE,Tajikistan,,,,,,"528,600",...,...,...,ESDJ,1993-07-01,
VIENTIANE,Laos,,,,,,...,...,"528,100",...,CDFC,1995-03-01,
Dehradun,India,,,,,,"447,808",37,"527,859",86,CDFC,2001-03-01,-53
Zhangshu,China,,,,,,"527,823",...,...,...,CDJC,2000-11-01,
Beining,China,,,,,,"527,217",...,...,...,CDJC,2000-11-01,
ABU DHABI,United Arab Emirates,,,,,,"527,000",...,...,...,ESDF,2002-07-01,
Shimkent,Kazakhstan,,,,,,"526,140",...,...,...,ESDF,2006-01-01,
Xingcheng,China,,,,,,"524,527",...,...,...,CDJC,2000-11-01,
Imbaba,Egypt,,,,,,"523,265",...,...,...,CDFC,1996-11-19,
Yicheng,China,,,,,,"522,835",...,...,...,CDJC,2000-11-01,
SKOPLJE,Macedonia,,,,,,"522,187",...,...,...,ESDF,2006-07-01,
Kadhimain,Iraq,,,,,,"521,444",...,...,...,CDFC,1987-10-17,
At-Ta'if,Saudi Arabia,,,,,,"521,273",...,...,...,CDFC,2004-09-15,
Dali,China,,,,,,"521,169",...,...,...,CDJC,2000-11-01,
Fuding,China,,,,,,"521,070",...,...,...,CDJC,2000-11-01,
Jinzhou (Hebei),China,,,,,,"520,942",...,...,...,CDJC,2000-11-01,
Renhuai,China,,,,,,"520,759",...,...,...,CDJC,2000-11-01,
Mira-Bhayandar,India,,,,,,"520,301",...,...,...,CDFC,2001-03-01,-53
Kemerovo,Russia,,,,,,"519,984",...,...,...,ESDJ,2006-07-01,"(95),(96)"
Duisburg,Germany,,,,,,"519,793",233,...,...,ESDJ,1999-07-01,
Rasht,Iran,,,,,,"519,481",...,...,...,ESDJ,2003-07-01,